hour_sin,hour_cos,day_sin,day_cos,is_weekend,solar_actual_kw,solar_forecast_t+1_kw,solar_forecast_t+4_kw,load_p1_kw,load_p2_kw,load_p3_kw,load_p1_forecast_t+1_kw,load_p2_forecast_t+1_kw,load_p3_forecast_t+1_kw,load_p1_forecast_t+4_kw,load_p2_forecast_t+4_kw,load_p3_forecast_t+4_kw,battery_soc,battery_capacity_kwh,battery_max_charge_kw,battery_max_discharge_kw,grid_status,blackout_probability,blackout_type,expected_outage_duration_min,maintenance_active,is_islanded,available_island_power_kw,action_id,action_label,state_value
0.0,1.0,0.0172133561558346,0.9998518392091162,0.0,0.0,0.0,0.6856417297860027,7.890266666666666,5.917699999999999,5.917699999999999,6.94253703228533,5.206902774213997,5.206902774213997,8.209354583196642,6.157015937397482,6.157015937397482,0.0278933333333333,100.0,5.0,5.0,1,0.6000000000000001,0,30,0,0,5.0,0,Grid-connected (Idle),604.737
0.2588190451025207,0.9659258262890684,0.0172133561558346,0.9998518392091162,0.0,0.0,0.14363991243839,5.447070088531866,8.474,6.355499999999999,6.355499999999999,7.538998523339419,5.654248892504564,5.654248892504564,11.257882476954212,8.443411857715658,8.443411857715658,0.0263566666666666,100.0,5.0,5.0,1,0.6000000000000001,0,30,0,0,5.0,0,Grid-connected (Idle),644.326
0.4999999999999999,0.8660254037844387,0.0172133561558346,0.9998518392091162,0.0,0.0,0.6340327099508265,7.618939667758717,8.0304,6.0228,6.0228,9.272589822265925,6.954442366699443,6.954442366699443,14.18208624521713,10.636564683912846,10.636564683912846,0.0248333333333333,100.0,5.0,5.0,1,0.6000000000000001,0,30,0,0,5.0,0,Grid-connected (Idle),672.438
0.7071067811865476,0.7071067811865476,0.0172133561558346,0.9998518392091162,0.0,0.0,3.8004065416410606,11.878071651369638,8.052400000000002,6.039300000000001,6.039300000000001,10.41889845197268,7.81417383897951,7.81417383897951,16.366280293794684,12.27471022034601,12.27471022034601,0.0235599999999999,100.0,5.0,5.0,1,0.6000000000000001,0,30,0,0,5.0,0,Grid-connected (Idle),724.275
0.8660254037844386,0.5000000000000001,0.0172133561558346,0.9998518392091162,0.0,0.0,6.0368209323240505,14.31026888109266,8.3376,6.253199999999999,6.253199999999999,12.160254215764448,9.120190661823337,9.120190661823337,18.182605926404904,13.636954444803678,13.636954444803678,0.0223366666666666,100.0,5.0,5.0,1,0.6000000000000001,0,30,0,0,5.0,0,Grid-connected (Idle),762.495
0.9659258262890684,0.2588190451025207,0.0172133561558346,0.9998518392091162,0.0,0.0,7.781308934258474,15.310960322070784,8.035333333333332,6.0265,6.0265,14.268746132627951,10.701559599470963,10.701559599470963,19.5530120080291,14.664759006021823,14.664759006021823,0.02162,100.0,5.0,5.0,1,0.6000000000000001,0,30,0,0,5.0,0,Grid-connected (Idle),786.003
1.0,6.123233995736766e-17,0.0172133561558346,0.9998518392091162,0.0,13.047,10.522393524223109,16.795529978099943,17.564933333333336,13.1737,13.1737,15.921199733973006,11.940899800479754,11.940899800479754,20.266272989571704,15.199704742178774,15.199704742178774,0.0207166666666666,100.0,5.0,5.0,1,0.6000000000000001,0,30,0,0,18.047,0,Grid-connected (Idle),708.146
0.9659258262890684,-0.2588190451025206,0.0172133561558346,0.9998518392091162,0.0,16.622666666666667,13.38902024155684,18.15387452700908,17.034533333333332,12.775899999999998,12.775899999999998,17.16006916652022,12.870051874890164,12.870051874890164,20.42415745442927,15.318118090821953,15.318118090821953,0.01989,100.0,5.0,5.0,1,0.6000000000000001,0,30,0,0,21.622666666666667,0,Grid-connected (Idle),714.837
0.8660254037844387,-0.4999999999999998,0.0172133561558346,0.9998518392091162,0.0,15.365,15.520537870641624,18.208403258359557,19.56426666666667,14.673199999999998,14.673199999999998,18.410271928288783,13.807703946216588,13.807703946216588,20.210937966334235,15.158203474750676,15.158203474750676,0.01853,100.0,5.0,5.0,1,0.6000000000000001,0,30,0,0,20.365,0,Grid-connected (Idle),735.556
0.7071067811865476,-0.7071067811865475,0.0172133561558346,0.9998518392091162,0.0,14.089333333333334,16.03802897331164,16.388683331528732,19.46733333333333,14.600499999999998,14.600499999999998,19.752248272111032,14.814186204083274,14.814186204083274,19.772755211286,14.829566408464494,14.829566408464494,0.01755,100.0,5.0,5.0,1,0.6000000000000001,0,30,0,0,19.089333333333336,0,Grid-connected (Idle),735.963
0.4999999999999999,-0.8660254037844387,0.0172133561558346,0.9998518392091162,0.0,16.199,17.954789759439453,16.267282465579996,19.22693333333333,14.420199999999998,14.420199999999998,19.93055046205791,14.947912846543428,14.947912846543428,18.806644180546936,14.104983135410205,14.104983135410205,0.01649,100.0,5.0,5.0,1,0.6000000000000001,0,30,0,0,21.199,0,Grid-connected (Idle),743.873
0.258819045102521,-0.9659258262890682,0.0172133561558346,0.9998518392091162,0.0,15.560666666666666,16.977562292407363,13.231865384872592,19.21773333333333,14.4133,14.4133,20.539388671629087,15.404541503721816,15.404541503721816,17.92801102647502,13.446008269856264,13.446008269856264,0.0152133333333333,100.0,5.0,5.0,1,0.6000000000000001,0,30,0,0,20.560666666666663,0,Grid-connected (Idle),754.308
1.2246467991473532e-16,-1.0,0.0172133561558346,0.9998518392091162,0.0,13.837666666666667,16.864949057610843,11.450674503613229,18.92213333333333,14.1916,14.1916,20.239974948191037,15.179981211143277,15.179981211143277,16.772500277308904,12.57937520798168,12.57937520798168,0.01361,100.0,5.0,5.0,1,0.6000000000000001,0,30,0,0,18.837666666666667,0,Grid-connected (Idle),754.013
-0.2588190451025208,-0.9659258262890684,0.0172133561558346,0.9998518392091162,0.0,15.951666666666666,16.756563131722675,10.325018301992422,19.00093333333333,14.2507,14.2507,19.24637637572161,14.434782281791204,14.434782281791204,15.50431182525408,11.62823386894056,11.62823386894056,0.0129233333333333,100.0,5.0,5.0,1,0.6000000000000001,0,30,0,0,20.951666666666668,0,Grid-connected (Idle),778.244
-0.4999999999999997,-0.8660254037844388,0.0172133561558346,0.9998518392091162,0.0,14.190666666666669,14.043600309856568,6.863642995219948,19.33413333333333,14.5006,14.5006,18.725646889282498,14.04423516696187,14.04423516696187,14.53428878441431,10.90071658831073,10.90071658831073,0.0119733333333333,100.0,5.0,5.0,1,0.6000000000000001,0,30,0,0,19.190666666666665,0,Grid-connected (Idle),784.401
-0.7071067811865471,-0.7071067811865479,0.0172133561558346,0.9998518392091162,0.0,14.892333333333331,11.840769383496871,4.598018995981271,19.076000000000004,14.307,14.307,17.57444041662846,13.180830312471342,13.180830312471342,13.530498870981184,10.147874153235886,10.147874153235886,0.01134,100.0,5.0,5.0,1,0.6000000000000001,0,30,0,0,19.892333333333333,0,Grid-connected (Idle),801.594
-0.8660254037844385,-0.5000000000000004,0.0172133561558346,0.9998518392091162,0.0,14.555333333333332,9.550861372335175,2.7275072970216705,18.792,14.094,14.094,16.224457107189103,12.168342830391826,12.168342830391826,12.617994450029556,9.463495837522167,9.463495837522167,0.01032,100.0,5.0,5.0,1,0.6000000000000001,0,30,0,0,19.555333333333333,0,Grid-connected (Idle),807.533
-0.9659258262890684,-0.2588190451025206,0.0172133561558346,0.9998518392091162,0.0,15.049,8.305067082280914,2.448096416868289,17.0772,12.807899999999998,12.807899999999998,14.392734534160477,10.794550900620356,10.794550900620356,11.676219043268492,8.757164282451368,8.757164282451368,0.0090199999999999,100.0,5.0,5.0,1,0.6000000000000001,0,30,0,0,20.049,0,Grid-connected (Idle),793.263
-1.0,-1.8369701987210294e-16,0.0172133561558346,0.9998518392091162,0.0,13.275666666666666,4.957230405243473,0.1586716831563599,12.300533333333334,9.2254,9.2254,13.4320841306047,10.074063097953523,10.074063097953523,11.094166423896736,8.320624817922551,8.320624817922551,0.0083766666666666,100.0,5.0,5.0,1,0.6000000000000001,0,30,0,0,18.275666666666663,0,Grid-connected (Idle),742.335
-0.9659258262890684,0.2588190451025203,0.0172133561558346,0.9998518392091162,0.0,0.0,3.204931807447984,0.0214544446228686,12.419733333333332,9.3148,9.3148,11.970543681364012,8.977907761023008,8.977907761023008,10.37527513569753,7.781456351773147,7.781456351773147,0.00716,100.0,5.0,5.0,1,0.6000000000000001,0,30,0,0,5.0,0,Grid-connected (Idle),674.463
-0.8660254037844386,0.5000000000000001,0.0172133561558346,0.9998518392091162,0.0,0.0,1.9238956710660524,0.0580300037304688,11.769793103448276,8.827344827586206,8.827344827586206,10.923485190732176,8.192613893049131,8.192613893049131,9.679184497447062,7.259388373085296,7.259388373085296,0.0063620689655172,100.0,5.0,5.0,1,0.6000000000000001,0,30,0,0,5.0,0,Grid-connected (Idle),661.876
-0.7071067811865477,0.7071067811865474,0.0172133561558346,0.9998518392091162,0.0,0.0,0.4386758083209194,0.0,12.05889655172414,9.044172413793104,9.044172413793104,10.347431190830344,7.760573393122757,7.760573393122757,8.990061236967653,6.7425459277257405,6.7425459277257405,0.0054551724137931,100.0,5.0,5.0,1,0.6000000000000001,0,30,0,0,5.0,0,Grid-connected (Idle),666.03
-0.5000000000000004,0.8660254037844384,0.0172133561558346,0.9998518392091162,0.0,0.0,0.0,0.0,12.013517241379311,9.010137931034482,9.010137931034482,10.505337365151654,7.87900302386374,7.87900302386374,8.282266932108332,6.211700199081248,6.211700199081248,0.0044655172413793,100.0,5.0,5.0,1,0.6000000000000001,0,30,0,0,5.0,0,Grid-connected (Idle),664.659
-0.2588190451025215,0.965925826289068,0.0172133561558346,0.9998518392091162,0.0,0.0,0.0,0.6302217388033888,12.03986206896552,9.029896551724136,9.029896551724136,10.248552447325082,7.68641433549381,7.68641433549381,7.115741239035964,5.336805929276973,5.336805929276973,0.0033655172413793,100.0,5.0,5.0,1,0.6000000000000001,0,30,0,0,5.0,0,Grid-connected (Idle),660.987
0.0,1.0,0.0344216116227457,0.9994074007397048,0.0,0.0,0.0,0.6856417297860027,7.890266666666666,5.917699999999999,5.917699999999999,6.94253703228533,5.206902774213997,5.206902774213997,8.209354583196642,6.157015937397482,6.157015937397482,0.0278933333333333,100.0,5.0,5.0,1,0.6000000000000001,0,30,0,0,5.0,0,Grid-connected (Idle),604.204
0.2588190451025207,0.9659258262890684,0.0344216116227457,0.9994074007397048,0.0,0.0,0.14363991243839,5.447070088531866,8.474,6.355499999999999,6.355499999999999,7.538998523339419,5.654248892504564,5.654248892504564,11.257882476954212,8.443411857715658,8.443411857715658,0.0263566666666666,100.0,5.0,5.0,1,0.6000000000000001,0,30,0,0,5.0,0,Grid-connected (Idle),643.572
0.4999999999999999,0.8660254037844387,0.0344216116227457,0.9994074007397048,0.0,0.0,0.6340327099508265,7.618939667758717,8.0304,6.0228,6.0228,9.272589822265925,6.954442366699443,6.954442366699443,14.18208624521713,10.636564683912846,10.636564683912846,0.0248333333333333,100.0,5.0,5.0,1,0.6000000000000001,0,30,0,0,5.0,0,Grid-connected (Idle),671.676
0.7071067811865476,0.7071067811865476,0.0344216116227457,0.9994074007397048,0.0,0.0,3.8004065416410606,11.878071651369638,8.052400000000002,6.039300000000001,6.039300000000001,10.41889845197268,7.81417383897951,7.81417383897951,16.366280293794684,12.27471022034601,12.27471022034601,0.0235599999999999,100.0,5.0,5.0,1,0.6000000000000001,0,30,0,0,5.0,0,Grid-connected (Idle),723.458
0.8660254037844386,0.5000000000000001,0.0344216116227457,0.9994074007397048,0.0,0.0,6.0368209323240505,14.31026888109266,8.3376,6.253199999999999,6.253199999999999,12.160254215764448,9.120190661823337,9.120190661823337,18.182605926404904,13.636954444803678,13.636954444803678,0.0223366666666666,100.0,5.0,5.0,1,0.6000000000000001,0,30,0,0,5.0,0,Grid-connected (Idle),761.836
0.9659258262890684,0.2588190451025207,0.0344216116227457,0.9994074007397048,0.0,0.0,7.781308934258474,15.310960322070784,8.035333333333332,6.0265,6.0265,14.268746132627951,10.701559599470963,10.701559599470963,19.5530120080291,14.664759006021823,14.664759006021823,0.02162,100.0,5.0,5.0,1,0.6000000000000001,0,30,0,0,5.0,0,Grid-connected (Idle),785.519
1.0,6.123233995736766e-17,0.0344216116227457,0.9994074007397048,0.0,13.047,10.522393524223109,16.795529978099943,17.564933333333336,13.1737,13.1737,15.921199733973006,11.940899800479754,11.940899800479754,20.266272989571704,15.199704742178774,15.199704742178774,0.0207166666666666,100.0,5.0,5.0,1,0.6000000000000001,0,30,0,0,18.047,0,Grid-connected (Idle),707.497
0.9659258262890684,-0.2588190451025206,0.0344216116227457,0.9994074007397048,0.0,16.622666666666667,13.38902024155684,18.15387452700908,17.034533333333332,12.775899999999998,12.775899999999998,17.16006916652022,12.870051874890164,12.870051874890164,20.42415745442927,15.318118090821953,15.318118090821953,0.01989,100.0,5.0,5.0,1,0.6000000000000001,0,30,0,0,21.622666666666667,0,Grid-connected (Idle),714.155
0.8660254037844387,-0.4999999999999998,0.0344216116227457,0.9994074007397048,0.0,15.365,15.520537870641624,18.208403258359557,19.56426666666667,14.673199999999998,14.673199999999998,18.410271928288783,13.807703946216588,13.807703946216588,20.210937966334235,15.158203474750676,15.158203474750676,0.01853,100.0,5.0,5.0,1,0.6000000000000001,0,30,0,0,20.365,0,Grid-connected (Idle),734.932
0.7071067811865476,-0.7071067811865475,0.0344216116227457,0.9994074007397048,0.0,14.089333333333334,16.03802897331164,16.388683331528732,19.46733333333333,14.600499999999998,14.600499999999998,19.752248272111032,14.814186204083274,14.814186204083274,19.772755211286,14.829566408464494,14.829566408464494,0.01755,100.0,5.0,5.0,1,0.6000000000000001,0,30,0,0,19.089333333333336,0,Grid-connected (Idle),735.291
0.4999999999999999,-0.8660254037844387,0.0344216116227457,0.9994074007397048,0.0,16.199,17.954789759439453,16.267282465579996,19.22693333333333,14.420199999999998,14.420199999999998,19.93055046205791,14.947912846543428,14.947912846543428,18.806644180546936,14.104983135410205,14.104983135410205,0.01649,100.0,5.0,5.0,1,0.6000000000000001,0,30,0,0,21.199,0,Grid-connected (Idle),743.225
0.258819045102521,-0.9659258262890682,0.0344216116227457,0.9994074007397048,0.0,15.560666666666666,16.977562292407363,13.231865384872592,19.21773333333333,14.4133,14.4133,20.539388671629087,15.404541503721816,15.404541503721816,17.92801102647502,13.446008269856264,13.446008269856264,0.0152133333333333,100.0,5.0,5.0,1,0.6000000000000001,0,30,0,0,20.560666666666663,0,Grid-connected (Idle),753.638
1.2246467991473532e-16,-1.0,0.0344216116227457,0.9994074007397048,0.0,13.837666666666667,16.864949057610843,11.450674503613229,18.92213333333333,14.1916,14.1916,20.239974948191037,15.179981211143277,15.179981211143277,16.772500277308904,12.57937520798168,12.57937520798168,0.01361,100.0,5.0,5.0,1,0.6000000000000001,0,30,0,0,18.837666666666667,0,Grid-connected (Idle),753.374
-0.2588190451025208,-0.9659258262890684,0.0344216116227457,0.9994074007397048,0.0,15.951666666666666,16.756563131722675,10.325018301992422,19.00093333333333,14.2507,14.2507,19.24637637572161,14.434782281791204,14.434782281791204,15.50431182525408,11.62823386894056,11.62823386894056,0.0129233333333333,100.0,5.0,5.0,1,0.6000000000000001,0,30,0,0,20.951666666666668,0,Grid-connected (Idle),777.621
-0.4999999999999997,-0.8660254037844388,0.0344216116227457,0.9994074007397048,0.0,14.190666666666669,14.043600309856568,6.863642995219948,19.33413333333333,14.5006,14.5006,18.725646889282498,14.04423516696187,14.04423516696187,14.53428878441431,10.90071658831073,10.90071658831073,0.0119733333333333,100.0,5.0,5.0,1,0.6000000000000001,0,30,0,0,19.190666666666665,0,Grid-connected (Idle),783.898
-0.7071067811865471,-0.7071067811865479,0.0344216116227457,0.9994074007397048,0.0,14.892333333333331,11.840769383496871,4.598018995981271,19.076000000000004,14.307,14.307,17.57444041662846,13.180830312471342,13.180830312471342,13.530498870981184,10.147874153235886,10.147874153235886,0.01134,100.0,5.0,5.0,1,0.6000000000000001,0,30,0,0,19.892333333333333,0,Grid-connected (Idle),801.109
-0.8660254037844385,-0.5000000000000004,0.0344216116227457,0.9994074007397048,0.0,14.555333333333332,9.550861372335175,2.7275072970216705,18.792,14.094,14.094,16.224457107189103,12.168342830391826,12.168342830391826,12.617994450029556,9.463495837522167,9.463495837522167,0.01032,100.0,5.0,5.0,1,0.6000000000000001,0,30,0,0,19.555333333333333,0,Grid-connected (Idle),807.071
-0.9659258262890684,-0.2588190451025206,0.0344216116227457,0.9994074007397048,0.0,15.049,8.305067082280914,2.448096416868289,17.0772,12.807899999999998,12.807899999999998,14.392734534160477,10.794550900620356,10.794550900620356,11.676219043268492,8.757164282451368,8.757164282451368,0.0090199999999999,100.0,5.0,5.0,1,0.6000000000000001,0,30,0,0,20.049,0,Grid-connected (Idle),792.792
-1.0,-1.8369701987210294e-16,0.0344216116227457,0.9994074007397048,0.0,13.275666666666666,4.957230405243473,0.1586716831563599,12.300533333333334,9.2254,9.2254,13.4320841306047,10.074063097953523,10.074063097953523,11.094166423896736,8.320624817922551,8.320624817922551,0.0083766666666666,100.0,5.0,5.0,1,0.6000000000000001,0,30,0,0,18.275666666666663,0,Grid-connected (Idle),741.873
-0.9659258262890684,0.2588190451025203,0.0344216116227457,0.9994074007397048,0.0,0.0,3.204931807447984,0.0214544446228686,12.419733333333332,9.3148,9.3148,11.970543681364012,8.977907761023008,8.977907761023008,10.37527513569753,7.781456351773147,7.781456351773147,0.00716,100.0,5.0,5.0,1,0.6000000000000001,0,30,0,0,5.0,0,Grid-connected (Idle),674.023
-0.8660254037844386,0.5000000000000001,0.0344216116227457,0.9994074007397048,0.0,0.0,1.9238956710660524,0.0580300037304688,11.769793103448276,8.827344827586206,8.827344827586206,10.923485190732176,8.192613893049131,8.192613893049131,9.679184497447062,7.259388373085296,7.259388373085296,0.0063620689655172,100.0,5.0,5.0,1,0.6000000000000001,0,30,0,0,5.0,0,Grid-connected (Idle),661.419
-0.7071067811865477,0.7071067811865474,0.0344216116227457,0.9994074007397048,0.0,0.0,0.4386758083209194,0.0,12.05889655172414,9.044172413793104,9.044172413793104,10.347431190830344,7.760573393122757,7.760573393122757,8.990061236967653,6.7425459277257405,6.7425459277257405,0.0054551724137931,100.0,5.0,5.0,1,0.6000000000000001,0,30,0,0,5.0,0,Grid-connected (Idle),665.572
-0.5000000000000004,0.8660254037844384,0.0344216116227457,0.9994074007397048,0.0,0.0,0.0,0.0,12.013517241379311,9.010137931034482,9.010137931034482,10.505337365151654,7.87900302386374,7.87900302386374,8.282266932108332,6.211700199081248,6.211700199081248,0.0044655172413793,100.0,5.0,5.0,1,0.6000000000000001,0,30,0,0,5.0,0,Grid-connected (Idle),664.215
-0.2588190451025215,0.965925826289068,0.0344216116227457,0.9994074007397048,0.0,0.0,0.0,0.6302217388033888,12.03986206896552,9.029896551724136,9.029896551724136,10.248552447325082,7.68641433549381,7.68641433549381,7.115741239035964,5.336805929276973,5.336805929276973,0.0033655172413793,100.0,5.0,5.0,1,0.6000000000000001,0,30,0,0,5.0,0,Grid-connected (Idle),660.505
0.0,1.0,0.0516196672232537,0.998666816288476,0.0,0.0,0.0,0.6856417297860027,7.890266666666666,5.917699999999999,5.917699999999999,6.94253703228533,5.206902774213997,5.206902774213997,8.209354583196642,6.157015937397482,6.157015937397482,0.0278933333333333,100.0,5.0,5.0,1,0.6000000000000001,0,30,0,0,5.0,0,Grid-connected (Idle),603.561
0.2588190451025207,0.9659258262890684,0.0516196672232537,0.998666816288476,0.0,0.0,0.14363991243839,5.447070088531866,8.474,6.355499999999999,6.355499999999999,7.538998523339419,5.654248892504564,5.654248892504564,11.257882476954212,8.443411857715658,8.443411857715658,0.0263566666666666,100.0,5.0,5.0,1,0.6000000000000001,0,30,0,0,5.0,0,Grid-connected (Idle),642.685
0.4999999999999999,0.8660254037844387,0.0516196672232537,0.998666816288476,0.0,0.0,0.6340327099508265,7.618939667758717,8.0304,6.0228,6.0228,9.272589822265925,6.954442366699443,6.954442366699443,14.18208624521713,10.636564683912846,10.636564683912846,0.0248333333333333,100.0,5.0,5.0,1,0.6000000000000001,0,30,0,0,5.0,0,Grid-connected (Idle),670.785
0.7071067811865476,0.7071067811865476,0.0516196672232537,0.998666816288476,0.0,0.0,3.8004065416410606,11.878071651369638,8.052400000000002,6.039300000000001,6.039300000000001,10.41889845197268,7.81417383897951,7.81417383897951,16.366280293794684,12.27471022034601,12.27471022034601,0.0235599999999999,100.0,5.0,5.0,1,0.6000000000000001,0,30,0,0,5.0,0,Grid-connected (Idle),722.515
0.8660254037844386,0.5000000000000001,0.0516196672232537,0.998666816288476,0.0,0.0,6.0368209323240505,14.31026888109266,8.3376,6.253199999999999,6.253199999999999,12.160254215764448,9.120190661823337,9.120190661823337,18.182605926404904,13.636954444803678,13.636954444803678,0.0223366666666666,100.0,5.0,5.0,1,0.6000000000000001,0,30,0,0,5.0,0,Grid-connected (Idle),761.066
0.9659258262890684,0.2588190451025207,0.0516196672232537,0.998666816288476,0.0,0.0,7.781308934258474,15.310960322070784,8.035333333333332,6.0265,6.0265,14.268746132627951,10.701559599470963,10.701559599470963,19.5530120080291,14.664759006021823,14.664759006021823,0.02162,100.0,5.0,5.0,1,0.6000000000000001,0,30,0,0,5.0,0,Grid-connected (Idle),784.892
1.0,6.123233995736766e-17,0.0516196672232537,0.998666816288476,0.0,13.047,10.522393524223109,16.795529978099943,17.564933333333336,13.1737,13.1737,15.921199733973006,11.940899800479754,11.940899800479754,20.266272989571704,15.199704742178774,15.199704742178774,0.0207166666666666,100.0,5.0,5.0,1,0.6000000000000001,0,30,0,0,18.047,0,Grid-connected (Idle),706.654
0.9659258262890684,-0.2588190451025206,0.0516196672232537,0.998666816288476,0.0,16.622666666666667,13.38902024155684,18.15387452700908,17.034533333333332,12.775899999999998,12.775899999999998,17.16006916652022,12.870051874890164,12.870051874890164,20.42415745442927,15.318118090821953,15.318118090821953,0.01989,100.0,5.0,5.0,1,0.6000000000000001,0,30,0,0,21.622666666666667,0,Grid-connected (Idle),713.364
0.8660254037844387,-0.4999999999999998,0.0516196672232537,0.998666816288476,0.0,15.365,15.520537870641624,18.208403258359557,19.56426666666667,14.673199999999998,14.673199999999998,18.410271928288783,13.807703946216588,13.807703946216588,20.210937966334235,15.158203474750676,15.158203474750676,0.01853,100.0,5.0,5.0,1,0.6000000000000001,0,30,0,0,20.365,0,Grid-connected (Idle),734.201
0.7071067811865476,-0.7071067811865475,0.0516196672232537,0.998666816288476,0.0,14.089333333333334,16.03802897331164,16.388683331528732,19.46733333333333,14.600499999999998,14.600499999999998,19.752248272111032,14.814186204083274,14.814186204083274,19.772755211286,14.829566408464494,14.829566408464494,0.01755,100.0,5.0,5.0,1,0.6000000000000001,0,30,0,0,19.089333333333336,0,Grid-connected (Idle),734.508
0.4999999999999999,-0.8660254037844387,0.0516196672232537,0.998666816288476,0.0,16.199,17.954789759439453,16.267282465579996,19.22693333333333,14.420199999999998,14.420199999999998,19.93055046205791,14.947912846543428,14.947912846543428,18.806644180546936,14.104983135410205,14.104983135410205,0.01649,100.0,5.0,5.0,1,0.6000000000000001,0,30,0,0,21.199,0,Grid-connected (Idle),742.467
0.258819045102521,-0.9659258262890682,0.0516196672232537,0.998666816288476,0.0,15.560666666666666,16.977562292407363,13.231865384872592,19.21773333333333,14.4133,14.4133,20.539388671629087,15.404541503721816,15.404541503721816,17.92801102647502,13.446008269856264,13.446008269856264,0.0152133333333333,100.0,5.0,5.0,1,0.6000000000000001,0,30,0,0,20.560666666666663,0,Grid-connected (Idle),752.856
1.2246467991473532e-16,-1.0,0.0516196672232537,0.998666816288476,0.0,13.837666666666667,16.864949057610843,11.450674503613229,18.92213333333333,14.1916,14.1916,20.239974948191037,15.179981211143277,15.179981211143277,16.772500277308904,12.57937520798168,12.57937520798168,0.01361,100.0,5.0,5.0,1,0.6000000000000001,0,30,0,0,18.837666666666667,0,Grid-connected (Idle),752.62
-0.2588190451025208,-0.9659258262890684,0.0516196672232537,0.998666816288476,0.0,15.951666666666666,16.756563131722675,10.325018301992422,19.00093333333333,14.2507,14.2507,19.24637637572161,14.434782281791204,14.434782281791204,15.50431182525408,11.62823386894056,11.62823386894056,0.0129233333333333,100.0,5.0,5.0,1,0.6000000000000001,0,30,0,0,20.951666666666668,0,Grid-connected (Idle),776.887
-0.4999999999999997,-0.8660254037844388,0.0516196672232537,0.998666816288476,0.0,14.190666666666669,14.043600309856568,6.863642995219948,19.33413333333333,14.5006,14.5006,18.725646889282498,14.04423516696187,14.04423516696187,14.53428878441431,10.90071658831073,10.90071658831073,0.0119733333333333,100.0,5.0,5.0,1,0.6000000000000001,0,30,0,0,19.190666666666665,0,Grid-connected (Idle),783.29
-0.7071067811865471,-0.7071067811865479,0.0516196672232537,0.998666816288476,0.0,14.892333333333331,11.840769383496871,4.598018995981271,19.076000000000004,14.307,14.307,17.57444041662846,13.180830312471342,13.180830312471342,13.530498870981184,10.147874153235886,10.147874153235886,0.01134,100.0,5.0,5.0,1,0.6000000000000001,0,30,0,0,19.892333333333333,0,Grid-connected (Idle),800.521
-0.8660254037844385,-0.5000000000000004,0.0516196672232537,0.998666816288476,0.0,14.555333333333332,9.550861372335175,2.7275072970216705,18.792,14.094,14.094,16.224457107189103,12.168342830391826,12.168342830391826,12.617994450029556,9.463495837522167,9.463495837522167,0.01032,100.0,5.0,5.0,1,0.6000000000000001,0,30,0,0,19.555333333333333,0,Grid-connected (Idle),806.511
-0.9659258262890684,-0.2588190451025206,0.0516196672232537,0.998666816288476,0.0,15.049,8.305067082280914,2.448096416868289,17.0772,12.807899999999998,12.807899999999998,14.392734534160477,10.794550900620356,10.794550900620356,11.676219043268492,8.757164282451368,8.757164282451368,0.0090199999999999,100.0,5.0,5.0,1,0.6000000000000001,0,30,0,0,20.049,0,Grid-connected (Idle),792.224
-1.0,-1.8369701987210294e-16,0.0516196672232537,0.998666816288476,0.0,13.275666666666666,4.957230405243473,0.1586716831563599,12.300533333333334,9.2254,9.2254,13.4320841306047,10.074063097953523,10.074063097953523,11.094166423896736,8.320624817922551,8.320624817922551,0.0083766666666666,100.0,5.0,5.0,1,0.6000000000000001,0,30,0,0,18.275666666666663,0,Grid-connected (Idle),741.313
-0.9659258262890684,0.2588190451025203,0.0516196672232537,0.998666816288476,0.0,0.0,3.204931807447984,0.0214544446228686,12.419733333333332,9.3148,9.3148,11.970543681364012,8.977907761023008,8.977907761023008,10.37527513569753,7.781456351773147,7.781456351773147,0.00716,100.0,5.0,5.0,1,0.6000000000000001,0,30,0,0,5.0,0,Grid-connected (Idle),673.478
-0.8660254037844386,0.5000000000000001,0.0516196672232537,0.998666816288476,0.0,0.0,1.9238956710660524,0.0580300037304688,11.769793103448276,8.827344827586206,8.827344827586206,10.923485190732176,8.192613893049131,8.192613893049131,9.679184497447062,7.259388373085296,7.259388373085296,0.0063620689655172,100.0,5.0,5.0,1,0.6000000000000001,0,30,0,0,5.0,0,Grid-connected (Idle),660.856
-0.7071067811865477,0.7071067811865474,0.0516196672232537,0.998666816288476,0.0,0.0,0.4386758083209194,0.0,12.05889655172414,9.044172413793104,9.044172413793104,10.347431190830344,7.760573393122757,7.760573393122757,8.990061236967653,6.7425459277257405,6.7425459277257405,0.0054551724137931,100.0,5.0,5.0,1,0.6000000000000001,0,30,0,0,5.0,0,Grid-connected (Idle),665.008
-0.5000000000000004,0.8660254037844384,0.0516196672232537,0.998666816288476,0.0,0.0,0.0,0.0,12.013517241379311,9.010137931034482,9.010137931034482,10.505337365151654,7.87900302386374,7.87900302386374,8.282266932108332,6.211700199081248,6.211700199081248,0.0044655172413793,100.0,5.0,5.0,1,0.6000000000000001,0,30,0,0,5.0,0,Grid-connected (Idle),663.667
-0.2588190451025215,0.965925826289068,0.0516196672232537,0.998666816288476,0.0,0.0,0.0,0.6302217388033888,12.03986206896552,9.029896551724136,9.029896551724136,10.248552447325082,7.68641433549381,7.68641433549381,7.115741239035964,5.336805929276973,5.336805929276973,0.0033655172413793,100.0,5.0,5.0,1,0.6000000000000001,0,30,0,0,5.0,0,Grid-connected (Idle),659.917
0.0,1.0,0.0688024268023198,0.9976303053065856,0.0,0.0,0.0,0.6856417297860027,7.890266666666666,5.917699999999999,5.917699999999999,6.94253703228533,5.206902774213997,5.206902774213997,8.209354583196642,6.157015937397482,6.157015937397482,0.0278933333333333,100.0,5.0,5.0,1,0.6000000000000001,0,30,0,0,5.0,0,Grid-connected (Idle),602.807
0.2588190451025207,0.9659258262890684,0.0688024268023198,0.9976303053065856,0.0,0.0,0.14363991243839,5.447070088531866,8.474,6.355499999999999,6.355499999999999,7.538998523339419,5.654248892504564,5.654248892504564,11.257882476954212,8.443411857715658,8.443411857715658,0.0263566666666666,100.0,5.0,5.0,1,0.6000000000000001,0,30,0,0,5.0,0,Grid-connected (Idle),641.667
0.4999999999999999,0.8660254037844387,0.0688024268023198,0.9976303053065856,0.0,0.0,0.6340327099508265,7.618939667758717,8.0304,6.0228,6.0228,9.272589822265925,6.954442366699443,6.954442366699443,14.18208624521713,10.636564683912846,10.636564683912846,0.0248333333333333,100.0,5.0,5.0,1,0.6000000000000001,0,30,0,0,5.0,0,Grid-connected (Idle),669.764
0.7071067811865476,0.7071067811865476,0.0688024268023198,0.9976303053065856,0.0,0.0,3.8004065416410606,11.878071651369638,8.052400000000002,6.039300000000001,6.039300000000001,10.41889845197268,7.81417383897951,7.81417383897951,16.366280293794684,12.27471022034601,12.27471022034601,0.0235599999999999,100.0,5.0,5.0,1,0.6000000000000001,0,30,0,0,5.0,0,Grid-connected (Idle),721.444
0.8660254037844386,0.5000000000000001,0.0688024268023198,0.9976303053065856,0.0,0.0,6.0368209323240505,14.31026888109266,8.3376,6.253199999999999,6.253199999999999,12.160254215764448,9.120190661823337,9.120190661823337,18.182605926404904,13.636954444803678,13.636954444803678,0.0223366666666666,100.0,5.0,5.0,1,0.6000000000000001,0,30,0,0,5.0,0,Grid-connected (Idle),760.183
0.9659258262890684,0.2588190451025207,0.0688024268023198,0.9976303053065856,0.0,0.0,7.781308934258474,15.310960322070784,8.035333333333332,6.0265,6.0265,14.268746132627951,10.701559599470963,10.701559599470963,19.5530120080291,14.664759006021823,14.664759006021823,0.02162,100.0,5.0,5.0,1,0.6000000000000001,0,30,0,0,5.0,0,Grid-connected (Idle),784.124
1.0,6.123233995736766e-17,0.0688024268023198,0.9976303053065856,0.0,13.047,10.522393524223109,16.795529978099943,17.564933333333336,13.1737,13.1737,15.921199733973006,11.940899800479754,11.940899800479754,20.266272989571704,15.199704742178774,15.199704742178774,0.0207166666666666,100.0,5.0,5.0,1,0.6000000000000001,0,30,0,0,18.047,0,Grid-connected (Idle),705.697
0.9659258262890684,-0.2588190451025206,0.0688024268023198,0.9976303053065856,0.0,16.622666666666667,13.38902024155684,18.15387452700908,17.034533333333332,12.775899999999998,12.775899999999998,17.16006916652022,12.870051874890164,12.870051874890164,20.42415745442927,15.318118090821953,15.318118090821953,0.01989,100.0,5.0,5.0,1,0.6000000000000001,0,30,0,0,21.622666666666667,0,Grid-connected (Idle),712.464
0.8660254037844387,-0.4999999999999998,0.0688024268023198,0.9976303053065856,0.0,15.365,15.520537870641624,18.208403258359557,19.56426666666667,14.673199999999998,14.673199999999998,18.410271928288783,13.807703946216588,13.807703946216588,20.210937966334235,15.158203474750676,15.158203474750676,0.01853,100.0,5.0,5.0,1,0.6000000000000001,0,30,0,0,20.365,0,Grid-connected (Idle),733.363
0.7071067811865476,-0.7071067811865475,0.0688024268023198,0.9976303053065856,0.0,14.089333333333334,16.03802897331164,16.388683331528732,19.46733333333333,14.600499999999998,14.600499999999998,19.752248272111032,14.814186204083274,14.814186204083274,19.772755211286,14.829566408464494,14.829566408464494,0.01755,100.0,5.0,5.0,1,0.6000000000000001,0,30,0,0,19.089333333333336,0,Grid-connected (Idle),733.614
0.4999999999999999,-0.8660254037844387,0.0688024268023198,0.9976303053065856,0.0,16.199,17.954789759439453,16.267282465579996,19.22693333333333,14.420199999999998,14.420199999999998,19.93055046205791,14.947912846543428,14.947912846543428,18.806644180546936,14.104983135410205,14.104983135410205,0.01649,100.0,5.0,5.0,1,0.6000000000000001,0,30,0,0,21.199,0,Grid-connected (Idle),741.599
0.258819045102521,-0.9659258262890682,0.0688024268023198,0.9976303053065856,0.0,15.560666666666666,16.977562292407363,13.231865384872592,19.21773333333333,14.4133,14.4133,20.539388671629087,15.404541503721816,15.404541503721816,17.92801102647502,13.446008269856264,13.446008269856264,0.0152133333333333,100.0,5.0,5.0,1,0.6000000000000001,0,30,0,0,20.560666666666663,0,Grid-connected (Idle),751.96
1.2246467991473532e-16,-1.0,0.0688024268023198,0.9976303053065856,0.0,13.837666666666667,16.864949057610843,11.450674503613229,18.92213333333333,14.1916,14.1916,20.239974948191037,15.179981211143277,15.179981211143277,16.772500277308904,12.57937520798168,12.57937520798168,0.01361,100.0,5.0,5.0,1,0.6000000000000001,0,30,0,0,18.837666666666667,0,Grid-connected (Idle),751.752
-0.2588190451025208,-0.9659258262890684,0.0688024268023198,0.9976303053065856,0.0,15.951666666666666,16.756563131722675,10.325018301992422,19.00093333333333,14.2507,14.2507,19.24637637572161,14.434782281791204,14.434782281791204,15.50431182525408,11.62823386894056,11.62823386894056,0.0129233333333333,100.0,5.0,5.0,1,0.6000000000000001,0,30,0,0,20.951666666666668,0,Grid-connected (Idle),776.043
-0.4999999999999997,-0.8660254037844388,0.0688024268023198,0.9976303053065856,0.0,14.190666666666669,14.043600309856568,6.863642995219948,19.33413333333333,14.5006,14.5006,18.725646889282498,14.04423516696187,14.04423516696187,14.53428878441431,10.90071658831073,10.90071658831073,0.0119733333333333,100.0,5.0,5.0,1,0.6000000000000001,0,30,0,0,19.190666666666665,0,Grid-connected (Idle),782.576
-0.7071067811865471,-0.7071067811865479,0.0688024268023198,0.9976303053065856,0.0,14.892333333333331,11.840769383496871,4.598018995981271,19.076000000000004,14.307,14.307,17.57444041662846,13.180830312471342,13.180830312471342,13.530498870981184,10.147874153235886,10.147874153235886,0.01134,100.0,5.0,5.0,1,0.6000000000000001,0,30,0,0,19.892333333333333,0,Grid-connected (Idle),799.831
-0.8660254037844385,-0.5000000000000004,0.0688024268023198,0.9976303053065856,0.0,14.555333333333332,9.550861372335175,2.7275072970216705,18.792,14.094,14.094,16.224457107189103,12.168342830391826,12.168342830391826,12.617994450029556,9.463495837522167,9.463495837522167,0.01032,100.0,5.0,5.0,1,0.6000000000000001,0,30,0,0,19.555333333333333,0,Grid-connected (Idle),805.853
-0.9659258262890684,-0.2588190451025206,0.0688024268023198,0.9976303053065856,0.0,15.049,8.305067082280914,2.448096416868289,17.0772,12.807899999999998,12.807899999999998,14.392734534160477,10.794550900620356,10.794550900620356,11.676219043268492,8.757164282451368,8.757164282451368,0.0090199999999999,100.0,5.0,5.0,1,0.6000000000000001,0,30,0,0,20.049,0,Grid-connected (Idle),791.56
-1.0,-1.8369701987210294e-16,0.0688024268023198,0.9976303053065856,0.0,13.275666666666666,4.957230405243473,0.1586716831563599,12.300533333333334,9.2254,9.2254,13.4320841306047,10.074063097953523,10.074063097953523,11.094166423896736,8.320624817922551,8.320624817922551,0.0083766666666666,100.0,5.0,5.0,1,0.6000000000000001,0,30,0,0,18.275666666666663,0,Grid-connected (Idle),740.657
-0.9659258262890684,0.2588190451025203,0.0688024268023198,0.9976303053065856,0.0,0.0,3.204931807447984,0.0214544446228686,12.419733333333332,9.3148,9.3148,11.970543681364012,8.977907761023008,8.977907761023008,10.37527513569753,7.781456351773147,7.781456351773147,0.00716,100.0,5.0,5.0,1,0.6000000000000001,0,30,0,0,5.0,0,Grid-connected (Idle),672.827
-0.8660254037844386,0.5000000000000001,0.0688024268023198,0.9976303053065856,0.0,0.0,1.9238956710660524,0.0580300037304688,11.769793103448276,8.827344827586206,8.827344827586206,10.923485190732176,8.192613893049131,8.192613893049131,9.679184497447062,7.259388373085296,7.259388373085296,0.0063620689655172,100.0,5.0,5.0,1,0.6000000000000001,0,30,0,0,5.0,0,Grid-connected (Idle),660.186
-0.7071067811865477,0.7071067811865474,0.0688024268023198,0.9976303053065856,0.0,0.0,0.4386758083209194,0.0,12.05889655172414,9.044172413793104,9.044172413793104,10.347431190830344,7.760573393122757,7.760573393122757,8.990061236967653,6.7425459277257405,6.7425459277257405,0.0054551724137931,100.0,5.0,5.0,1,0.6000000000000001,0,30,0,0,5.0,0,Grid-connected (Idle),664.338
-0.5000000000000004,0.8660254037844384,0.0688024268023198,0.9976303053065856,0.0,0.0,0.0,0.0,12.013517241379311,9.010137931034482,9.010137931034482,10.505337365151654,7.87900302386374,7.87900302386374,8.282266932108332,6.211700199081248,6.211700199081248,0.0044655172413793,100.0,5.0,5.0,1,0.6000000000000001,0,30,0,0,5.0,0,Grid-connected (Idle),663.015
-0.2588190451025215,0.965925826289068,0.0688024268023198,0.9976303053065856,0.0,0.0,0.0,0.6302217388033888,12.03986206896552,9.029896551724136,9.029896551724136,10.248552447325082,7.68641433549381,7.68641433549381,7.115741239035964,5.336805929276973,5.336805929276973,0.0033655172413793,100.0,5.0,5.0,1,0.6000000000000001,0,30,0,0,5.0,0,Grid-connected (Idle),659.225
0.0,1.0,0.0859647987374464,0.9962981749346078,0.0,0.0,0.0,0.6856417297860027,7.890266666666666,5.917699999999999,5.917699999999999,6.94253703228533,5.206902774213997,5.206902774213997,8.209354583196642,6.157015937397482,6.157015937397482,0.0278933333333333,100.0,5.0,5.0,1,0.6000000000000001,0,30,0,0,5.0,0,Grid-connected (Idle),601.942
0.2588190451025207,0.9659258262890684,0.0859647987374464,0.9962981749346078,0.0,0.0,0.14363991243839,5.447070088531866,8.474,6.355499999999999,6.355499999999999,7.538998523339419,5.654248892504564,5.654248892504564,11.257882476954212,8.443411857715658,8.443411857715658,0.0263566666666666,100.0,5.0,5.0,1,0.6000000000000001,0,30,0,0,5.0,0,Grid-connected (Idle),640.517
0.4999999999999999,0.8660254037844387,0.0859647987374464,0.9962981749346078,0.0,0.0,0.6340327099508265,7.618939667758717,8.0304,6.0228,6.0228,9.272589822265925,6.954442366699443,6.954442366699443,14.18208624521713,10.636564683912846,10.636564683912846,0.0248333333333333,100.0,5.0,5.0,1,0.6000000000000001,0,30,0,0,5.0,0,Grid-connected (Idle),668.614
0.7071067811865476,0.7071067811865476,0.0859647987374464,0.9962981749346078,0.0,0.0,3.8004065416410606,11.878071651369638,8.052400000000002,6.039300000000001,6.039300000000001,10.41889845197268,7.81417383897951,7.81417383897951,16.366280293794684,12.27471022034601,12.27471022034601,0.0235599999999999,100.0,5.0,5.0,1,0.6000000000000001,0,30,0,0,5.0,0,Grid-connected (Idle),720.246
0.8660254037844386,0.5000000000000001,0.0859647987374464,0.9962981749346078,0.0,0.0,6.0368209323240505,14.31026888109266,8.3376,6.253199999999999,6.253199999999999,12.160254215764448,9.120190661823337,9.120190661823337,18.182605926404904,13.636954444803678,13.636954444803678,0.0223366666666666,100.0,5.0,5.0,1,0.6000000000000001,0,30,0,0,5.0,0,Grid-connected (Idle),759.179
0.9659258262890684,0.2588190451025207,0.0859647987374464,0.9962981749346078,0.0,0.0,7.781308934258474,15.310960322070784,8.035333333333332,6.0265,6.0265,14.268746132627951,10.701559599470963,10.701559599470963,19.5530120080291,14.664759006021823,14.664759006021823,0.02162,100.0,5.0,5.0,1,0.6000000000000001,0,30,0,0,5.0,0,Grid-connected (Idle),783.245
1.0,6.123233995736766e-17,0.0859647987374464,0.9962981749346078,0.0,13.047,10.522393524223109,16.795529978099943,17.564933333333336,13.1737,13.1737,15.921199733973006,11.940899800479754,11.940899800479754,20.266272989571704,15.199704742178774,15.199704742178774,0.0207166666666666,100.0,5.0,5.0,1,0.6000000000000001,0,30,0,0,18.047,0,Grid-connected (Idle),704.628
0.9659258262890684,-0.2588190451025206,0.0859647987374464,0.9962981749346078,0.0,16.622666666666667,13.38902024155684,18.15387452700908,17.034533333333332,12.775899999999998,12.775899999999998,17.16006916652022,12.870051874890164,12.870051874890164,20.42415745442927,15.318118090821953,15.318118090821953,0.01989,100.0,5.0,5.0,1,0.6000000000000001,0,30,0,0,21.622666666666667,0,Grid-connected (Idle),711.455
0.8660254037844387,-0.4999999999999998,0.0859647987374464,0.9962981749346078,0.0,15.365,15.520537870641624,18.208403258359557,19.56426666666667,14.673199999999998,14.673199999999998,18.410271928288783,13.807703946216588,13.807703946216588,20.210937966334235,15.158203474750676,15.158203474750676,0.01853,100.0,5.0,5.0,1,0.6000000000000001,0,30,0,0,20.365,0,Grid-connected (Idle),732.419
0.7071067811865476,-0.7071067811865475,0.0859647987374464,0.9962981749346078,0.0,14.089333333333334,16.03802897331164,16.388683331528732,19.46733333333333,14.600499999999998,14.600499999999998,19.752248272111032,14.814186204083274,14.814186204083274,19.772755211286,14.829566408464494,14.829566408464494,0.01755,100.0,5.0,5.0,1,0.6000000000000001,0,30,0,0,19.089333333333336,0,Grid-connected (Idle),732.609
0.4999999999999999,-0.8660254037844387,0.0859647987374464,0.9962981749346078,0.0,16.199,17.954789759439453,16.267282465579996,19.22693333333333,14.420199999999998,14.420199999999998,19.93055046205791,14.947912846543428,14.947912846543428,18.806644180546936,14.104983135410205,14.104983135410205,0.01649,100.0,5.0,5.0,1,0.6000000000000001,0,30,0,0,21.199,0,Grid-connected (Idle),740.622
0.258819045102521,-0.9659258262890682,0.0859647987374464,0.9962981749346078,0.0,15.560666666666666,16.977562292407363,13.231865384872592,19.21773333333333,14.4133,14.4133,20.539388671629087,15.404541503721816,15.404541503721816,17.92801102647502,13.446008269856264,13.446008269856264,0.0152133333333333,100.0,5.0,5.0,1,0.6000000000000001,0,30,0,0,20.560666666666663,0,Grid-connected (Idle),750.953
1.2246467991473532e-16,-1.0,0.0859647987374464,0.9962981749346078,0.0,13.837666666666667,16.864949057610843,11.450674503613229,18.92213333333333,14.1916,14.1916,20.239974948191037,15.179981211143277,15.179981211143277,16.772500277308904,12.57937520798168,12.57937520798168,0.01361,100.0,5.0,5.0,1,0.6000000000000001,0,30,0,0,18.837666666666667,0,Grid-connected (Idle),750.771
-0.2588190451025208,-0.9659258262890684,0.0859647987374464,0.9962981749346078,0.0,15.951666666666666,16.756563131722675,10.325018301992422,19.00093333333333,14.2507,14.2507,19.24637637572161,14.434782281791204,14.434782281791204,15.50431182525408,11.62823386894056,11.62823386894056,0.0129233333333333,100.0,5.0,5.0,1,0.6000000000000001,0,30,0,0,20.951666666666668,0,Grid-connected (Idle),775.088
-0.4999999999999997,-0.8660254037844388,0.0859647987374464,0.9962981749346078,0.0,14.190666666666669,14.043600309856568,6.863642995219948,19.33413333333333,14.5006,14.5006,18.725646889282498,14.04423516696187,14.04423516696187,14.53428878441431,10.90071658831073,10.90071658831073,0.0119733333333333,100.0,5.0,5.0,1,0.6000000000000001,0,30,0,0,19.190666666666665,0,Grid-connected (Idle),781.756
-0.7071067811865471,-0.7071067811865479,0.0859647987374464,0.9962981749346078,0.0,14.892333333333331,11.840769383496871,4.598018995981271,19.076000000000004,14.307,14.307,17.57444041662846,13.180830312471342,13.180830312471342,13.530498870981184,10.147874153235886,10.147874153235886,0.01134,100.0,5.0,5.0,1,0.6000000000000001,0,30,0,0,19.892333333333333,0,Grid-connected (Idle),799.038
-0.8660254037844385,-0.5000000000000004,0.0859647987374464,0.9962981749346078,0.0,14.555333333333332,9.550861372335175,2.7275072970216705,18.792,14.094,14.094,16.224457107189103,12.168342830391826,12.168342830391826,12.617994450029556,9.463495837522167,9.463495837522167,0.01032,100.0,5.0,5.0,1,0.6000000000000001,0,30,0,0,19.555333333333333,0,Grid-connected (Idle),805.098
-0.9659258262890684,-0.2588190451025206,0.0859647987374464,0.9962981749346078,0.0,15.049,8.305067082280914,2.448096416868289,17.0772,12.807899999999998,12.807899999999998,14.392734534160477,10.794550900620356,10.794550900620356,11.676219043268492,8.757164282451368,8.757164282451368,0.0090199999999999,100.0,5.0,5.0,1,0.6000000000000001,0,30,0,0,20.049,0,Grid-connected (Idle),790.799
-1.0,-1.8369701987210294e-16,0.0859647987374464,0.9962981749346078,0.0,13.275666666666666,4.957230405243473,0.1586716831563599,12.300533333333334,9.2254,9.2254,13.4320841306047,10.074063097953523,10.074063097953523,11.094166423896736,8.320624817922551,8.320624817922551,0.0083766666666666,100.0,5.0,5.0,1,0.6000000000000001,0,30,0,0,18.275666666666663,0,Grid-connected (Idle),739.904
-0.9659258262890684,0.2588190451025203,0.0859647987374464,0.9962981749346078,0.0,0.0,3.204931807447984,0.0214544446228686,12.419733333333332,9.3148,9.3148,11.970543681364012,8.977907761023008,8.977907761023008,10.37527513569753,7.781456351773147,7.781456351773147,0.00716,100.0,5.0,5.0,1,0.6000000000000001,0,30,0,0,5.0,0,Grid-connected (Idle),672.072
-0.8660254037844386,0.5000000000000001,0.0859647987374464,0.9962981749346078,0.0,0.0,1.9238956710660524,0.0580300037304688,11.769793103448276,8.827344827586206,8.827344827586206,10.923485190732176,8.192613893049131,8.192613893049131,9.679184497447062,7.259388373085296,7.259388373085296,0.0063620689655172,100.0,5.0,5.0,1,0.6000000000000001,0,30,0,0,5.0,0,Grid-connected (Idle),659.41
-0.7071067811865477,0.7071067811865474,0.0859647987374464,0.9962981749346078,0.0,0.0,0.4386758083209194,0.0,12.05889655172414,9.044172413793104,9.044172413793104,10.347431190830344,7.760573393122757,7.760573393122757,8.990061236967653,6.7425459277257405,6.7425459277257405,0.0054551724137931,100.0,5.0,5.0,1,0.6000000000000001,0,30,0,0,5.0,0,Grid-connected (Idle),663.563
-0.5000000000000004,0.8660254037844384,0.0859647987374464,0.9962981749346078,0.0,0.0,0.0,0.0,12.013517241379311,9.010137931034482,9.010137931034482,10.505337365151654,7.87900302386374,7.87900302386374,8.282266932108332,6.211700199081248,6.211700199081248,0.0044655172413793,100.0,5.0,5.0,1,0.6000000000000001,0,30,0,0,5.0,0,Grid-connected (Idle),662.259
-0.2588190451025215,0.965925826289068,0.0859647987374464,0.9962981749346078,0.0,0.0,0.0,0.6302217388033888,12.03986206896552,9.029896551724136,9.029896551724136,10.248552447325082,7.68641433549381,7.68641433549381,7.115741239035964,5.336805929276973,5.336805929276973,0.0033655172413793,100.0,5.0,5.0,1,0.6000000000000001,0,30,0,0,5.0,0,Grid-connected (Idle),658.428
0.0,1.0,0.1031016974474348,0.9946708199115212,1.0,0.0,0.0,0.6856417297860027,7.890266666666666,5.917699999999999,5.917699999999999,6.94253703228533,5.206902774213997,5.206902774213997,8.209354583196642,6.157015937397482,6.157015937397482,0.0278933333333333,100.0,5.0,5.0,1,0.6000000000000001,0,30,0,0,5.0,0,Grid-connected (Idle),602.599
0.2588190451025207,0.9659258262890684,0.1031016974474348,0.9946708199115212,1.0,0.0,0.14363991243839,5.447070088531866,8.474,6.355499999999999,6.355499999999999,7.538998523339419,5.654248892504564,5.654248892504564,11.257882476954212,8.443411857715658,8.443411857715658,0.0263566666666666,100.0,5.0,5.0,1,0.6000000000000001,0,30,0,0,5.0,0,Grid-connected (Idle),638.495
0.4999999999999999,0.8660254037844387,0.1031016974474348,0.9946708199115212,1.0,0.0,0.6340327099508265,7.618939667758717,8.0304,6.0228,6.0228,9.272589822265925,6.954442366699443,6.954442366699443,14.18208624521713,10.636564683912846,10.636564683912846,0.0248333333333333,100.0,5.0,5.0,1,0.6000000000000001,0,30,0,0,5.0,0,Grid-connected (Idle),665.378
0.7071067811865476,0.7071067811865476,0.1031016974474348,0.9946708199115212,1.0,0.0,3.8004065416410606,11.878071651369638,8.052400000000002,6.039300000000001,6.039300000000001,10.41889845197268,7.81417383897951,7.81417383897951,16.366280293794684,12.27471022034601,12.27471022034601,0.0235599999999999,100.0,5.0,5.0,1,0.6000000000000001,0,30,0,0,5.0,0,Grid-connected (Idle),712.795
0.8660254037844386,0.5000000000000001,0.1031016974474348,0.9946708199115212,1.0,0.0,6.0368209323240505,14.31026888109266,8.3376,6.253199999999999,6.253199999999999,12.160254215764448,9.120190661823337,9.120190661823337,18.182605926404904,13.636954444803678,13.636954444803678,0.0223366666666666,100.0,5.0,5.0,1,0.6000000000000001,0,30,0,0,5.0,0,Grid-connected (Idle),747.571
0.9659258262890684,0.2588190451025207,0.1031016974474348,0.9946708199115212,1.0,0.0,7.781308934258474,15.310960322070784,8.035333333333332,6.0265,6.0265,14.268746132627951,10.701559599470963,10.701559599470963,19.5530120080291,14.664759006021823,14.664759006021823,0.02162,100.0,5.0,5.0,1,0.6000000000000001,0,30,0,0,5.0,0,Grid-connected (Idle),767.663
1.0,6.123233995736766e-17,0.1031016974474348,0.9946708199115212,1.0,13.047,10.522393524223109,16.795529978099943,17.564933333333336,13.1737,13.1737,15.921199733973006,11.940899800479754,11.940899800479754,20.266272989571704,15.199704742178774,15.199704742178774,0.0207166666666666,100.0,5.0,5.0,1,0.6000000000000001,0,30,0,0,18.047,0,Grid-connected (Idle),697.675
0.9659258262890684,-0.2588190451025206,0.1031016974474348,0.9946708199115212,1.0,16.622666666666667,13.38902024155684,18.15387452700908,17.034533333333332,12.775899999999998,12.775899999999998,17.16006916652022,12.870051874890164,12.870051874890164,20.42415745442927,15.318118090821953,15.318118090821953,0.01989,100.0,5.0,5.0,1,0.6000000000000001,0,30,0,0,21.622666666666667,0,Grid-connected (Idle),706.099
0.8660254037844387,-0.4999999999999998,0.1031016974474348,0.9946708199115212,1.0,15.365,15.520537870641624,18.208403258359557,19.56426666666667,14.673199999999998,14.673199999999998,18.410271928288783,13.807703946216588,13.807703946216588,20.210937966334235,15.158203474750676,15.158203474750676,0.01853,100.0,5.0,5.0,1,0.6000000000000001,0,30,0,0,20.365,0,Grid-connected (Idle),725.219
0.7071067811865476,-0.7071067811865475,0.1031016974474348,0.9946708199115212,1.0,14.089333333333334,16.03802897331164,16.388683331528732,19.46733333333333,14.600499999999998,14.600499999999998,19.752248272111032,14.814186204083274,14.814186204083274,19.772755211286,14.829566408464494,14.829566408464494,0.01755,100.0,5.0,5.0,1,0.6000000000000001,0,30,0,0,19.089333333333336,0,Grid-connected (Idle),726.134
0.4999999999999999,-0.8660254037844387,0.1031016974474348,0.9946708199115212,1.0,16.199,17.954789759439453,16.267282465579996,19.22693333333333,14.420199999999998,14.420199999999998,19.93055046205791,14.947912846543428,14.947912846543428,18.806644180546936,14.104983135410205,14.104983135410205,0.01649,100.0,5.0,5.0,1,0.6000000000000001,0,30,0,0,21.199,0,Grid-connected (Idle),734.218
0.258819045102521,-0.9659258262890682,0.1031016974474348,0.9946708199115212,1.0,15.560666666666666,16.977562292407363,13.231865384872592,19.21773333333333,14.4133,14.4133,20.539388671629087,15.404541503721816,15.404541503721816,17.92801102647502,13.446008269856264,13.446008269856264,0.0152133333333333,100.0,5.0,5.0,1,0.6000000000000001,0,30,0,0,20.560666666666663,0,Grid-connected (Idle),747.046
1.2246467991473532e-16,-1.0,0.1031016974474348,0.9946708199115212,1.0,13.837666666666667,16.864949057610843,11.450674503613229,18.92213333333333,14.1916,14.1916,20.239974948191037,15.179981211143277,15.179981211143277,16.772500277308904,12.57937520798168,12.57937520798168,0.01361,100.0,5.0,5.0,1,0.6000000000000001,0,30,0,0,18.837666666666667,0,Grid-connected (Idle),750.063
-0.2588190451025208,-0.9659258262890684,0.1031016974474348,0.9946708199115212,1.0,15.951666666666666,16.756563131722675,10.325018301992422,19.00093333333333,14.2507,14.2507,19.24637637572161,14.434782281791204,14.434782281791204,15.50431182525408,11.62823386894056,11.62823386894056,0.0129233333333333,100.0,5.0,5.0,1,0.6000000000000001,0,30,0,0,20.951666666666668,0,Grid-connected (Idle),775.16
-0.4999999999999997,-0.8660254037844388,0.1031016974474348,0.9946708199115212,1.0,14.190666666666669,14.043600309856568,6.863642995219948,19.33413333333333,14.5006,14.5006,18.725646889282498,14.04423516696187,14.04423516696187,14.53428878441431,10.90071658831073,10.90071658831073,0.0119733333333333,100.0,5.0,5.0,1,0.6000000000000001,0,30,0,0,19.190666666666665,0,Grid-connected (Idle),781.306
-0.7071067811865471,-0.7071067811865479,0.1031016974474348,0.9946708199115212,1.0,14.892333333333331,11.840769383496871,4.598018995981271,19.076000000000004,14.307,14.307,17.57444041662846,13.180830312471342,13.180830312471342,13.530498870981184,10.147874153235886,10.147874153235886,0.01134,100.0,5.0,5.0,1,0.6000000000000001,0,30,0,0,19.892333333333333,0,Grid-connected (Idle),799.798
-0.8660254037844385,-0.5000000000000004,0.1031016974474348,0.9946708199115212,1.0,14.555333333333332,9.550861372335175,2.7275072970216705,18.792,14.094,14.094,16.224457107189103,12.168342830391826,12.168342830391826,12.617994450029556,9.463495837522167,9.463495837522167,0.01032,100.0,5.0,5.0,1,0.6000000000000001,0,30,0,0,19.555333333333333,0,Grid-connected (Idle),808.278
-0.9659258262890684,-0.2588190451025206,0.1031016974474348,0.9946708199115212,1.0,15.049,8.305067082280914,2.448096416868289,17.0772,12.807899999999998,12.807899999999998,14.392734534160477,10.794550900620356,10.794550900620356,11.676219043268492,8.757164282451368,8.757164282451368,0.0090199999999999,100.0,5.0,5.0,1,0.6000000000000001,0,30,0,0,20.049,0,Grid-connected (Idle),795.33
-1.0,-1.8369701987210294e-16,0.1031016974474348,0.9946708199115212,1.0,13.275666666666666,4.957230405243473,0.1586716831563599,12.300533333333334,9.2254,9.2254,13.4320841306047,10.074063097953523,10.074063097953523,11.094166423896736,8.320624817922551,8.320624817922551,0.0083766666666666,100.0,5.0,5.0,1,0.6000000000000001,0,30,0,0,18.275666666666663,0,Grid-connected (Idle),743.802
-0.9659258262890684,0.2588190451025203,0.1031016974474348,0.9946708199115212,1.0,0.0,3.204931807447984,0.0214544446228686,12.419733333333332,9.3148,9.3148,11.970543681364012,8.977907761023008,8.977907761023008,10.37527513569753,7.781456351773147,7.781456351773147,0.00716,100.0,5.0,5.0,1,0.6000000000000001,0,30,0,0,5.0,0,Grid-connected (Idle),668.451
-0.8660254037844386,0.5000000000000001,0.1031016974474348,0.9946708199115212,1.0,0.0,1.9238956710660524,0.0580300037304688,11.769793103448276,8.827344827586206,8.827344827586206,10.923485190732176,8.192613893049131,8.192613893049131,9.679184497447062,7.259388373085296,7.259388373085296,0.0063620689655172,100.0,5.0,5.0,1,0.6000000000000001,0,30,0,0,5.0,0,Grid-connected (Idle),656.045
-0.7071067811865477,0.7071067811865474,0.1031016974474348,0.9946708199115212,1.0,0.0,0.4386758083209194,0.0,12.05889655172414,9.044172413793104,9.044172413793104,10.347431190830344,7.760573393122757,7.760573393122757,8.990061236967653,6.7425459277257405,6.7425459277257405,0.0054551724137931,100.0,5.0,5.0,1,0.6000000000000001,0,30,0,0,5.0,0,Grid-connected (Idle),659.929
-0.5000000000000004,0.8660254037844384,0.1031016974474348,0.9946708199115212,1.0,0.0,0.0,0.0,12.013517241379311,9.010137931034482,9.010137931034482,10.505337365151654,7.87900302386374,7.87900302386374,8.282266932108332,6.211700199081248,6.211700199081248,0.0044655172413793,100.0,5.0,5.0,1,0.6000000000000001,0,30,0,0,5.0,0,Grid-connected (Idle),657.517
-0.2588190451025215,0.965925826289068,0.1031016974474348,0.9946708199115212,1.0,0.0,0.0,0.6302217388033888,12.03986206896552,9.029896551724136,9.029896551724136,10.248552447325082,7.68641433549381,7.68641433549381,7.115741239035964,5.336805929276973,5.336805929276973,0.0033655172413793,100.0,5.0,5.0,1,0.6000000000000001,0,30,0,0,5.0,0,Grid-connected (Idle),652.172
0.0,1.0,0.1202080448993527,0.9927487224577402,1.0,0.0,0.0,0.6856417297860027,7.890266666666666,5.917699999999999,5.917699999999999,6.94253703228533,5.206902774213997,5.206902774213997,8.209354583196642,6.157015937397482,6.157015937397482,0.0278933333333333,100.0,5.0,5.0,1,0.6000000000000001,0,30,0,0,5.0,0,Grid-connected (Idle),601.205
0.2588190451025207,0.9659258262890684,0.1202080448993527,0.9927487224577402,1.0,0.0,0.14363991243839,5.447070088531866,8.474,6.355499999999999,6.355499999999999,7.538998523339419,5.654248892504564,5.654248892504564,11.257882476954212,8.443411857715658,8.443411857715658,0.0263566666666666,100.0,5.0,5.0,1,0.6000000000000001,0,30,0,0,5.0,0,Grid-connected (Idle),637.106
0.4999999999999999,0.8660254037844387,0.1202080448993527,0.9927487224577402,1.0,0.0,0.6340327099508265,7.618939667758717,8.0304,6.0228,6.0228,9.272589822265925,6.954442366699443,6.954442366699443,14.18208624521713,10.636564683912846,10.636564683912846,0.0248333333333333,100.0,5.0,5.0,1,0.6000000000000001,0,30,0,0,5.0,0,Grid-connected (Idle),663.979
0.7071067811865476,0.7071067811865476,0.1202080448993527,0.9927487224577402,1.0,0.0,3.8004065416410606,11.878071651369638,8.052400000000002,6.039300000000001,6.039300000000001,10.41889845197268,7.81417383897951,7.81417383897951,16.366280293794684,12.27471022034601,12.27471022034601,0.0235599999999999,100.0,5.0,5.0,1,0.6000000000000001,0,30,0,0,5.0,0,Grid-connected (Idle),711.433
0.8660254037844386,0.5000000000000001,0.1202080448993527,0.9927487224577402,1.0,0.0,6.0368209323240505,14.31026888109266,8.3376,6.253199999999999,6.253199999999999,12.160254215764448,9.120190661823337,9.120190661823337,18.182605926404904,13.636954444803678,13.636954444803678,0.0223366666666666,100.0,5.0,5.0,1,0.6000000000000001,0,30,0,0,5.0,0,Grid-connected (Idle),746.26
0.9659258262890684,0.2588190451025207,0.1202080448993527,0.9927487224577402,1.0,0.0,7.781308934258474,15.310960322070784,8.035333333333332,6.0265,6.0265,14.268746132627951,10.701559599470963,10.701559599470963,19.5530120080291,14.664759006021823,14.664759006021823,0.02162,100.0,5.0,5.0,1,0.6000000000000001,0,30,0,0,5.0,0,Grid-connected (Idle),766.666
1.0,6.123233995736766e-17,0.1202080448993527,0.9927487224577402,1.0,13.047,10.522393524223109,16.795529978099943,17.564933333333336,13.1737,13.1737,15.921199733973006,11.940899800479754,11.940899800479754,20.266272989571704,15.199704742178774,15.199704742178774,0.0207166666666666,100.0,5.0,5.0,1,0.6000000000000001,0,30,0,0,18.047,0,Grid-connected (Idle),696.526
0.9659258262890684,-0.2588190451025206,0.1202080448993527,0.9927487224577402,1.0,16.622666666666667,13.38902024155684,18.15387452700908,17.034533333333332,12.775899999999998,12.775899999999998,17.16006916652022,12.870051874890164,12.870051874890164,20.42415745442927,15.318118090821953,15.318118090821953,0.01989,100.0,5.0,5.0,1,0.6000000000000001,0,30,0,0,21.622666666666667,0,Grid-connected (Idle),704.84
0.8660254037844387,-0.4999999999999998,0.1202080448993527,0.9927487224577402,1.0,15.365,15.520537870641624,18.208403258359557,19.56426666666667,14.673199999999998,14.673199999999998,18.410271928288783,13.807703946216588,13.807703946216588,20.210937966334235,15.158203474750676,15.158203474750676,0.01853,100.0,5.0,5.0,1,0.6000000000000001,0,30,0,0,20.365,0,Grid-connected (Idle),723.995
0.7071067811865476,-0.7071067811865475,0.1202080448993527,0.9927487224577402,1.0,14.089333333333334,16.03802897331164,16.388683331528732,19.46733333333333,14.600499999999998,14.600499999999998,19.752248272111032,14.814186204083274,14.814186204083274,19.772755211286,14.829566408464494,14.829566408464494,0.01755,100.0,5.0,5.0,1,0.6000000000000001,0,30,0,0,19.089333333333336,0,Grid-connected (Idle),724.918
0.4999999999999999,-0.8660254037844387,0.1202080448993527,0.9927487224577402,1.0,16.199,17.954789759439453,16.267282465579996,19.22693333333333,14.420199999999998,14.420199999999998,19.93055046205791,14.947912846543428,14.947912846543428,18.806644180546936,14.104983135410205,14.104983135410205,0.01649,100.0,5.0,5.0,1,0.6000000000000001,0,30,0,0,21.199,0,Grid-connected (Idle),733.002
0.258819045102521,-0.9659258262890682,0.1202080448993527,0.9927487224577402,1.0,15.560666666666666,16.977562292407363,13.231865384872592,19.21773333333333,14.4133,14.4133,20.539388671629087,15.404541503721816,15.404541503721816,17.92801102647502,13.446008269856264,13.446008269856264,0.0152133333333333,100.0,5.0,5.0,1,0.6000000000000001,0,30,0,0,20.560666666666663,0,Grid-connected (Idle),745.837
1.2246467991473532e-16,-1.0,0.1202080448993527,0.9927487224577402,1.0,13.837666666666667,16.864949057610843,11.450674503613229,18.92213333333333,14.1916,14.1916,20.239974948191037,15.179981211143277,15.179981211143277,16.772500277308904,12.57937520798168,12.57937520798168,0.01361,100.0,5.0,5.0,1,0.6000000000000001,0,30,0,0,18.837666666666667,0,Grid-connected (Idle),748.887
-0.2588190451025208,-0.9659258262890684,0.1202080448993527,0.9927487224577402,1.0,15.951666666666666,16.756563131722675,10.325018301992422,19.00093333333333,14.2507,14.2507,19.24637637572161,14.434782281791204,14.434782281791204,15.50431182525408,11.62823386894056,11.62823386894056,0.0129233333333333,100.0,5.0,5.0,1,0.6000000000000001,0,30,0,0,20.951666666666668,0,Grid-connected (Idle),774.06
-0.4999999999999997,-0.8660254037844388,0.1202080448993527,0.9927487224577402,1.0,14.190666666666669,14.043600309856568,6.863642995219948,19.33413333333333,14.5006,14.5006,18.725646889282498,14.04423516696187,14.04423516696187,14.53428878441431,10.90071658831073,10.90071658831073,0.0119733333333333,100.0,5.0,5.0,1,0.6000000000000001,0,30,0,0,19.190666666666665,0,Grid-connected (Idle),780.291
-0.7071067811865471,-0.7071067811865479,0.1202080448993527,0.9927487224577402,1.0,14.892333333333331,11.840769383496871,4.598018995981271,19.076000000000004,14.307,14.307,17.57444041662846,13.180830312471342,13.180830312471342,13.530498870981184,10.147874153235886,10.147874153235886,0.01134,100.0,5.0,5.0,1,0.6000000000000001,0,30,0,0,19.892333333333333,0,Grid-connected (Idle),798.801
-0.8660254037844385,-0.5000000000000004,0.1202080448993527,0.9927487224577402,1.0,14.555333333333332,9.550861372335175,2.7275072970216705,18.792,14.094,14.094,16.224457107189103,12.168342830391826,12.168342830391826,12.617994450029556,9.463495837522167,9.463495837522167,0.01032,100.0,5.0,5.0,1,0.6000000000000001,0,30,0,0,19.555333333333333,0,Grid-connected (Idle),807.287
-0.9659258262890684,-0.2588190451025206,0.1202080448993527,0.9927487224577402,1.0,15.049,8.305067082280914,2.448096416868289,17.0772,12.807899999999998,12.807899999999998,14.392734534160477,10.794550900620356,10.794550900620356,11.676219043268492,8.757164282451368,8.757164282451368,0.0090199999999999,100.0,5.0,5.0,1,0.6000000000000001,0,30,0,0,20.049,0,Grid-connected (Idle),794.366
-1.0,-1.8369701987210294e-16,0.1202080448993527,0.9927487224577402,1.0,13.275666666666666,4.957230405243473,0.1586716831563599,12.300533333333334,9.2254,9.2254,13.4320841306047,10.074063097953523,10.074063097953523,11.094166423896736,8.320624817922551,8.320624817922551,0.0083766666666666,100.0,5.0,5.0,1,0.6000000000000001,0,30,0,0,18.275666666666663,0,Grid-connected (Idle),742.855
-0.9659258262890684,0.2588190451025203,0.1202080448993527,0.9927487224577402,1.0,0.0,3.204931807447984,0.0214544446228686,12.419733333333332,9.3148,9.3148,11.970543681364012,8.977907761023008,8.977907761023008,10.37527513569753,7.781456351773147,7.781456351773147,0.00716,100.0,5.0,5.0,1,0.6000000000000001,0,30,0,0,5.0,0,Grid-connected (Idle),667.417
-0.8660254037844386,0.5000000000000001,0.1202080448993527,0.9927487224577402,1.0,0.0,1.9238956710660524,0.0580300037304688,11.769793103448276,8.827344827586206,8.827344827586206,10.923485190732176,8.192613893049131,8.192613893049131,9.679184497447062,7.259388373085296,7.259388373085296,0.0063620689655172,100.0,5.0,5.0,1,0.6000000000000001,0,30,0,0,5.0,0,Grid-connected (Idle),655.034
-0.7071067811865477,0.7071067811865474,0.1202080448993527,0.9927487224577402,1.0,0.0,0.4386758083209194,0.0,12.05889655172414,9.044172413793104,9.044172413793104,10.347431190830344,7.760573393122757,7.760573393122757,8.990061236967653,6.7425459277257405,6.7425459277257405,0.0054551724137931,100.0,5.0,5.0,1,0.6000000000000001,0,30,0,0,5.0,0,Grid-connected (Idle),658.908
-0.5000000000000004,0.8660254037844384,0.1202080448993527,0.9927487224577402,1.0,0.0,0.0,0.0,12.013517241379311,9.010137931034482,9.010137931034482,10.505337365151654,7.87900302386374,7.87900302386374,8.282266932108332,6.211700199081248,6.211700199081248,0.0044655172413793,100.0,5.0,5.0,1,0.6000000000000001,0,30,0,0,5.0,0,Grid-connected (Idle),656.519
-0.2588190451025215,0.965925826289068,0.1202080448993527,0.9927487224577402,1.0,0.0,0.0,0.6302217388033888,12.03986206896552,9.029896551724136,9.029896551724136,10.248552447325082,7.68641433549381,7.68641433549381,7.115741239035964,5.336805929276973,5.336805929276973,0.0033655172413793,100.0,5.0,5.0,1,0.6000000000000001,0,30,0,0,5.0,0,Grid-connected (Idle),651.174
