day,hour,time_slot,temperature_c,cloud_cover,weather,solar_generation_kw,base_load_kw,adjusted_load_kw,battery_level_kwh,grid_price_rs,grid_available
1,0,Night,22.0,0.5363313055456864,Cloudy,0.0,15.83,15.83,75.84,6.58,1
1,1,Night,23.305261922200515,0.2463630680301244,Clear,0.0,24.63,24.63,73.38,5.05,1
1,2,Night,24.588190451025206,0.03809633965642586,Clear,0.0,18.09,18.09,71.57,6.63,1
1,3,Night,25.8268343236509,0.18489484038670054,Clear,0.0,22.94,22.94,69.27,5.66,1
1,4,Night,27.0,0.6362395379702588,Cloudy,0.0,22.65,22.65,67.01,6.28,1
1,5,Night,28.087614290087206,0.07112379674844053,Clear,0.0,21.52,21.52,64.86,5.07,1
1,6,Morning,29.071067811865476,0.09731577230030528,Clear,22.57,49.63,49.63,62.15,9.61,1
1,7,Morning,29.933533402912353,0.13666060425125917,Clear,22.13,46.97,46.97,59.67,8.11,1
1,8,Morning,30.660254037844386,0.5755773366924566,Cloudy,8.19,48.93,48.93,55.59,9.13,1
1,9,Morning,31.238795325112868,0.2894138766599249,Clear,13.34,42.75,42.75,52.65,7.07,1
1,10,Morning,31.65925826289068,0.179687663294743,Clear,21.59,53.37,53.37,49.47,7.22,1
1,11,Morning,31.914448613738102,0.5558804356667172,Cloudy,11.39,49.71,49.71,45.64,8.25,1
1,12,Afternoon,32.0,0.8802942090732114,Rainy,2.4,50.47,50.47,40.83,8.7,1
1,13,Afternoon,31.914448613738106,0.014087574739347408,Clear,20.67,41.34,41.34,38.77,9.95,1
1,14,Afternoon,31.65925826289068,0.5754419956317531,Cloudy,11.88,40.3,40.3,35.92,7.25,1
1,15,Afternoon,31.238795325112868,0.03266664981053439,Clear,23.74,42.76,42.76,34.02,7.73,1
1,16,Afternoon,30.66025403784439,0.45019900964242954,Cloudy,11.14,41.75,41.75,30.96,7.26,1
1,17,Afternoon,29.933533402912353,0.6502535691836674,Cloudy,9.37,48.43,48.43,27.06,7.53,1
1,18,Evening,29.071067811865476,0.5146887262355221,Cloudy,9.48,28.75,28.75,25.13,7.05,1
1,19,Evening,28.08761429008721,0.9859725701392063,Rainy,0.0,36.45,36.45,21.48,9.24,1
1,20,Evening,27.0,0.13672513831345345,Clear,0.0,30.34,30.34,18.45,9.23,1
1,21,Evening,25.8268343236509,0.20727665509026236,Clear,0.0,26.3,26.3,15.82,7.93,1
1,22,Evening,24.58819045102521,0.6514644745249603,Cloudy,0.0,28.73,28.73,12.95,8.86,1
1,23,Evening,23.305261922200515,0.20543027052696408,Clear,0.0,31.91,31.91,9.76,8.41,0
2,0,Night,22.0,0.048332006020732995,Clear,0.0,19.18,19.18,7.84,6.44,1
2,1,Night,23.305261922200515,0.46580420665487665,Cloudy,0.0,21.53,21.53,5.69,6.33,0
2,2,Night,24.588190451025206,0.9601441924134309,Rainy,0.0,27.52,27.52,2.93,5.29,1
2,3,Night,25.8268343236509,0.6526166911132616,Cloudy,0.0,15.23,15.23,1.41,5.21,1
2,4,Night,27.0,0.2847300147027297,Clear,0.0,24.0,24.0,0.0,6.37,1
2,5,Night,28.087614290087206,0.25432623912549557,Clear,0.0,21.42,21.42,0.0,6.37,1
2,6,Morning,29.071067811865476,0.24662228494685196,Clear,20.04,46.77,46.77,0.0,7.75,1
2,7,Morning,29.933533402912353,0.18399184410510686,Clear,22.1,42.77,42.77,0.0,7.04,1
2,8,Morning,30.660254037844386,0.06958360863708941,Clear,20.26,53.41,53.41,0.0,8.46,1
2,9,Morning,31.238795325112868,0.12123853991127977,Clear,21.82,52.53,52.53,0.0,9.28,1
2,10,Morning,31.65925826289068,0.4516333199664116,Cloudy,13.22,48.61,48.61,0.0,7.92,1
2,11,Morning,31.914448613738102,0.06538706528556762,Clear,21.03,50.83,50.83,0.0,9.98,1
2,12,Afternoon,32.0,0.142619499544954,Clear,19.42,50.35,50.35,0.0,8.4,1
2,13,Afternoon,31.914448613738106,0.20297115390468426,Clear,19.95,49.42,49.42,0.0,9.75,1
2,14,Afternoon,31.65925826289068,0.09857900646796709,Clear,21.14,47.21,47.21,0.0,8.53,1
2,15,Afternoon,31.238795325112868,0.09063568222976262,Clear,25.42,51.0,51.0,0.0,9.17,1
2,16,Afternoon,30.66025403784439,0.5498779743178644,Cloudy,11.3,44.82,44.82,0.0,9.53,1
2,17,Afternoon,29.933533402912353,0.1674741207633812,Clear,18.12,39.54,39.54,0.0,8.45,1
2,18,Evening,29.071067811865476,0.6744334336239778,Cloudy,6.94,32.55,32.55,0.0,9.87,1
2,19,Evening,28.08761429008721,0.09281574101995813,Clear,0.0,26.98,26.98,0.0,7.81,1
2,20,Evening,27.0,0.2607193870681349,Clear,0.0,32.32,32.32,0.0,7.84,1
2,21,Evening,25.8268343236509,0.5652683266529168,Cloudy,0.0,26.62,26.62,0.0,7.05,1
2,22,Evening,24.58819045102521,0.1504082937915155,Clear,0.0,33.36,33.36,0.0,8.3,1
2,23,Evening,23.305261922200515,0.2761192426853887,Clear,0.0,25.56,25.56,0.0,8.43,1
3,0,Night,22.0,0.2583421179005545,Clear,0.0,24.25,24.25,0.0,6.41,1
3,1,Night,23.305261922200515,0.15107888992516683,Clear,0.0,15.16,15.16,0.0,6.14,1
3,2,Night,24.588190451025206,0.25380806055796556,Clear,0.0,23.93,23.93,0.0,5.83,1
3,3,Night,25.8268343236509,0.45950429324699377,Cloudy,0.0,15.65,15.65,0.0,5.87,1
3,4,Night,27.0,0.40185898399645376,Cloudy,0.0,15.56,15.56,0.0,6.27,1
3,5,Night,28.087614290087206,0.6786318858600818,Cloudy,0.0,20.64,20.64,0.0,6.99,1
3,6,Morning,29.071067811865476,0.13701502504890153,Clear,19.8,48.24,48.24,0.0,9.82,1
3,7,Morning,29.933533402912353,0.5573460144988944,Cloudy,8.52,36.01,36.01,0.0,9.38,1
3,8,Morning,30.660254037844386,0.12041090890069979,Clear,21.64,43.29,43.29,0.0,8.38,1
3,9,Morning,31.238795325112868,0.06762927353994833,Clear,18.82,43.33,43.33,0.0,9.64,1
3,10,Morning,31.65925826289068,0.21517507600173272,Clear,16.64,51.28,51.28,0.0,8.03,1
3,11,Morning,31.914448613738102,0.03375208125842298,Clear,22.04,48.47,48.47,0.0,7.03,0
3,12,Afternoon,32.0,0.14413233727406385,Clear,17.97,48.29,48.29,0.0,8.28,1
3,13,Afternoon,31.914448613738106,0.6155034193885256,Cloudy,8.62,53.39,53.39,0.0,7.18,1
3,14,Afternoon,31.65925826289068,0.41776215284034296,Cloudy,11.57,50.37,50.37,0.0,9.6,1
3,15,Afternoon,31.238795325112868,0.8099890386562446,Rainy,5.01,49.85,49.85,0.0,8.4,1
3,16,Afternoon,30.66025403784439,0.9249399826597066,Rainy,1.72,54.39,54.39,0.0,7.18,1
3,17,Afternoon,29.933533402912353,0.24213039476726658,Clear,20.45,48.31,48.31,0.0,7.09,1
3,18,Evening,29.071067811865476,0.8160389222623601,Rainy,4.76,35.97,35.97,0.0,9.34,1
3,19,Evening,28.08761429008721,0.1812813693498319,Clear,0.0,28.16,28.16,0.0,7.51,1
3,20,Evening,27.0,0.19662648466116286,Clear,0.0,31.48,31.48,0.0,8.1,1
3,21,Evening,25.8268343236509,0.2817791371893793,Clear,0.0,28.0,28.0,0.0,7.77,1
3,22,Evening,24.58819045102521,0.844814392735969,Rainy,0.0,28.09,28.09,0.0,7.82,1
3,23,Evening,23.305261922200515,0.29127489112848287,Clear,0.0,29.45,29.45,0.0,8.6,1
4,0,Night,22.0,0.4418951461831932,Cloudy,0.0,22.73,22.73,0.0,5.03,1
4,1,Night,23.305261922200515,0.02788145018125727,Clear,0.0,23.65,23.65,0.0,6.27,1
4,2,Night,24.588190451025206,0.8372276467675739,Rainy,0.0,24.79,24.79,0.0,5.42,1
4,3,Night,25.8268343236509,0.026015310786789703,Clear,0.0,19.98,19.98,0.0,5.77,1
4,4,Night,27.0,0.8971471824985685,Rainy,0.0,18.32,18.32,0.0,5.88,1
4,5,Night,28.087614290087206,0.9947878419537128,Rainy,0.0,25.97,25.97,0.0,5.78,0
4,6,Morning,29.071067811865476,0.18346427763868203,Clear,20.67,47.99,47.99,0.0,8.98,1
4,7,Morning,29.933533402912353,0.026193563917505658,Clear,17.58,35.21,35.21,0.0,7.11,1
4,8,Morning,30.660254037844386,0.5130118883150446,Cloudy,11.36,49.54,49.54,0.0,8.36,1
4,9,Morning,31.238795325112868,0.29263443207745765,Clear,16.68,51.16,51.16,0.0,9.5,1
4,10,Morning,31.65925826289068,0.2985480915169101,Clear,12.92,54.82,54.82,0.0,7.0,1
4,11,Morning,31.914448613738102,0.03208437019395738,Clear,21.18,52.5,52.5,0.0,7.36,1
4,12,Afternoon,32.0,0.42951865791000415,Cloudy,11.78,42.87,42.87,0.0,8.76,1
4,13,Afternoon,31.914448613738106,0.9233574080201377,Rainy,1.88,45.75,45.75,0.0,9.48,1
4,14,Afternoon,31.65925826289068,0.9624271172652862,Rainy,1.01,51.93,51.93,0.0,8.96,1
4,15,Afternoon,31.238795325112868,0.11826649498029781,Clear,21.21,51.89,51.89,0.0,8.16,1
4,16,Afternoon,30.66025403784439,0.9408944564797203,Rainy,1.59,55.75,55.75,0.0,9.29,1
4,17,Afternoon,29.933533402912353,0.15023500570335127,Clear,23.53,45.76,45.76,0.0,7.79,1
4,18,Evening,29.071067811865476,0.07342319395226395,Clear,24.95,26.15,26.15,0.0,8.68,1
4,19,Evening,28.08761429008721,0.23509212149520853,Clear,0.0,33.31,33.31,0.0,7.35,1
4,20,Evening,27.0,0.29867360420170874,Clear,0.0,26.02,26.02,0.0,7.83,1
4,21,Evening,25.8268343236509,0.6103921498220823,Cloudy,0.0,25.86,25.86,0.0,8.97,1
4,22,Evening,24.58819045102521,0.04487851851180413,Clear,0.0,30.29,30.29,0.0,8.83,1
4,23,Evening,23.305261922200515,0.40355407538450644,Cloudy,0.0,33.1,33.1,0.0,7.7,1
5,0,Night,22.0,0.20844588449208665,Clear,0.0,15.43,15.43,0.0,5.29,1
5,1,Night,23.305261922200515,0.287176198090435,Clear,0.0,24.21,24.21,0.0,6.43,1
5,2,Night,24.588190451025206,0.004073006971832649,Clear,0.0,16.23,16.23,0.0,6.9,1
5,3,Night,25.8268343236509,0.2982619987231512,Clear,0.0,20.94,20.94,0.0,5.48,1
5,4,Night,27.0,0.008244861829918447,Clear,0.0,24.23,24.23,0.0,5.01,1
5,5,Night,28.087614290087206,0.06162342845957518,Clear,0.0,15.91,15.91,0.0,6.61,1
5,6,Morning,29.071067811865476,0.21213426668329463,Clear,16.38,41.25,41.25,0.0,7.08,1
5,7,Morning,29.933533402912353,0.12232983871466759,Clear,18.49,37.87,37.87,0.0,9.09,1
5,8,Morning,30.660254037844386,0.46720047981422885,Cloudy,10.06,42.02,42.02,0.0,8.62,1
5,9,Morning,31.238795325112868,0.14973181327769838,Clear,21.01,41.48,41.48,0.0,7.91,1
5,10,Morning,31.65925826289068,0.054008743967247974,Clear,25.71,47.57,47.57,0.0,8.47,1
5,11,Morning,31.914448613738102,0.8231080629396682,Rainy,3.56,53.5,53.5,0.0,9.88,1
5,12,Afternoon,32.0,0.0732853811989357,Clear,25.26,41.12,41.12,0.0,8.89,1
5,13,Afternoon,31.914448613738106,0.2539836109011613,Clear,20.75,49.26,49.26,0.0,8.24,1
5,14,Afternoon,31.65925826289068,0.26694208106520234,Clear,17.63,40.24,40.24,0.0,9.04,1
5,15,Afternoon,31.238795325112868,0.264181422180255,Clear,16.04,47.97,47.97,0.0,8.81,0
5,16,Afternoon,30.66025403784439,0.22213112141463442,Clear,15.04,46.18,46.18,0.0,7.44,1
5,17,Afternoon,29.933533402912353,0.006881665492697764,Clear,20.56,47.32,47.32,0.0,8.81,1
5,18,Evening,29.071067811865476,0.827313573767718,Rainy,4.32,29.56,29.56,0.0,9.69,1
5,19,Evening,28.08761429008721,0.2440600903397992,Clear,0.0,28.84,28.84,0.0,9.92,1
5,20,Evening,27.0,0.237688553905716,Clear,0.0,26.62,26.62,0.0,7.82,1
5,21,Evening,25.8268343236509,0.4646120515646161,Cloudy,0.0,30.35,30.35,0.0,7.71,1
5,22,Evening,24.58819045102521,0.026074688313435068,Clear,0.0,34.11,34.11,0.0,9.1,1
5,23,Evening,23.305261922200515,0.2563242616475568,Clear,0.0,26.73,26.73,0.0,7.88,1
6,0,Night,22.0,0.4906855038227623,Cloudy,0.0,16.77,16.77,0.0,6.67,1
6,1,Night,23.305261922200515,0.10087961168340696,Clear,0.0,20.08,20.08,0.0,6.76,1
6,2,Night,24.588190451025206,0.9388836174544399,Rainy,0.0,27.77,27.77,0.0,6.22,1
6,3,Night,25.8268343236509,0.1851074440267283,Clear,0.0,23.16,23.16,0.0,5.35,1
6,4,Night,27.0,0.08045201833898125,Clear,0.0,17.96,17.96,0.0,5.76,1
6,5,Night,28.087614290087206,0.6622757722522599,Cloudy,0.0,21.04,21.04,0.0,6.72,1
6,6,Morning,29.071067811865476,0.058683646240855376,Clear,26.16,47.19,47.19,0.0,8.72,1
6,7,Morning,29.933533402912353,0.11333742853333256,Clear,17.42,42.02,42.02,0.0,8.06,1
6,8,Morning,30.660254037844386,0.06422012559400415,Clear,22.09,53.26,53.26,0.0,9.92,1
6,9,Morning,31.238795325112868,0.6784779882652245,Cloudy,8.62,45.24,45.24,0.0,7.01,1
6,10,Morning,31.65925826289068,0.6294729024311928,Cloudy,8.09,47.34,47.34,0.0,8.19,1
6,11,Morning,31.914448613738102,0.5089814912010325,Cloudy,8.97,47.53,47.53,0.0,7.78,1
6,12,Afternoon,32.0,0.26513757935727217,Clear,17.24,45.89,45.89,0.0,7.18,1
6,13,Afternoon,31.914448613738106,0.694787314529018,Cloudy,7.19,49.74,49.74,0.0,9.06,1
6,14,Afternoon,31.65925826289068,0.1359353567598854,Clear,20.76,50.1,50.1,0.0,8.06,1
6,15,Afternoon,31.238795325112868,0.14562088892135314,Clear,16.71,46.4,46.4,0.0,9.5,1
6,16,Afternoon,30.66025403784439,0.03435515831631547,Clear,17.67,54.18,54.18,0.0,9.15,1
6,17,Afternoon,29.933533402912353,0.1817688969326907,Clear,17.84,36.11,36.11,0.0,7.39,1
6,18,Evening,29.071067811865476,0.8411631973669779,Rainy,3.84,28.27,28.27,0.0,7.1,1
6,19,Evening,28.08761429008721,0.24284291851197315,Clear,0.0,33.3,33.3,0.0,9.04,1
6,20,Evening,27.0,0.0691134147427266,Clear,0.0,34.0,34.0,0.0,8.98,1
6,21,Evening,25.8268343236509,0.8875136031160654,Rainy,0.0,30.66,30.66,0.0,7.59,1
6,22,Evening,24.58819045102521,0.10976000025639744,Clear,0.0,31.57,31.57,0.0,9.96,1
6,23,Evening,23.305261922200515,0.09871009673734366,Clear,0.0,26.96,26.96,0.0,7.8,0
7,0,Night,22.0,0.5541757956497686,Cloudy,0.0,16.1,16.1,0.0,6.83,1
7,1,Night,23.305261922200515,0.8109231262097917,Rainy,0.0,18.55,18.55,0.0,5.08,1
7,2,Night,24.588190451025206,0.26292097832335615,Clear,0.0,16.37,16.37,0.0,6.8,1
7,3,Night,25.8268343236509,0.25032291640418464,Clear,0.0,20.62,20.62,0.0,6.15,1
7,4,Night,27.0,0.02343402099393007,Clear,0.0,21.41,21.41,0.0,6.42,1
7,5,Night,28.087614290087206,0.4763360068602129,Cloudy,0.0,15.72,15.72,0.0,5.63,1
7,6,Morning,29.071067811865476,0.24607117983139282,Clear,16.2,49.21,49.21,0.0,8.42,1
7,7,Morning,29.933533402912353,0.029421624174948854,Clear,21.13,41.25,41.25,0.0,9.19,1
7,8,Morning,30.660254037844386,0.23542959520208795,Clear,14.68,52.39,52.39,0.0,8.01,1
7,9,Morning,31.238795325112868,0.8827713660359104,Rainy,2.8,56.55,56.55,0.0,7.23,1
7,10,Morning,31.65925826289068,0.2026668037658713,Clear,20.77,48.13,48.13,0.0,7.64,1
7,11,Morning,31.914448613738102,0.8305891089349458,Rainy,3.26,53.29,53.29,0.0,8.25,1
7,12,Afternoon,32.0,0.6370505422067558,Cloudy,8.73,45.3,45.3,0.0,9.17,1
7,13,Afternoon,31.914448613738106,0.9432579897942955,Rainy,1.04,46.39,46.39,0.0,9.9,1
7,14,Afternoon,31.65925826289068,0.19556596702795212,Clear,20.21,42.82,42.82,0.0,9.8,1
7,15,Afternoon,31.238795325112868,0.061291082679804654,Clear,21.99,40.84,40.84,0.0,8.77,1
7,16,Afternoon,30.66025403784439,0.02700748178715694,Clear,21.25,51.42,51.42,0.0,7.35,1
7,17,Afternoon,29.933533402912353,0.40320026620387567,Cloudy,14.99,46.33,46.33,0.0,7.17,1
7,18,Evening,29.071067811865476,0.21692897508746467,Clear,17.91,27.7,27.7,0.0,8.68,1
7,19,Evening,28.08761429008721,0.40386922513516305,Cloudy,0.0,32.73,32.73,0.0,7.72,1
7,20,Evening,27.0,0.4584651374847984,Cloudy,0.0,28.47,28.47,0.0,7.72,1
7,21,Evening,25.8268343236509,0.1074398576606706,Clear,0.0,26.28,26.28,0.0,7.85,1
7,22,Evening,24.58819045102521,0.2964735154717201,Clear,0.0,34.85,34.85,0.0,7.21,1
7,23,Evening,23.305261922200515,0.4905272762994236,Cloudy,0.0,25.29,25.29,0.0,8.2,1
8,0,Night,22.0,0.11520966975452807,Clear,0.0,17.23,17.23,0.0,6.61,1
8,1,Night,23.305261922200515,0.827021846330824,Rainy,0.0,25.65,25.65,0.0,5.68,0
8,2,Night,24.588190451025206,0.12101692756760732,Clear,0.0,18.55,18.55,0.0,5.76,1
8,3,Night,25.8268343236509,0.25479061922677315,Clear,0.0,18.84,18.84,0.0,5.24,0
8,4,Night,27.0,0.6501212645684545,Cloudy,0.0,19.58,19.58,0.0,6.42,1
8,5,Night,28.087614290087206,0.0676856728873153,Clear,0.0,19.25,19.25,0.0,6.23,1
8,6,Morning,29.071067811865476,0.9707603055926081,Rainy,0.65,45.5,45.5,0.0,8.5,1
8,7,Morning,29.933533402912353,0.5254885379038878,Cloudy,11.98,45.86,45.86,0.0,7.23,1
8,8,Morning,30.660254037844386,0.10187245550915917,Clear,24.93,47.99,47.99,0.0,9.52,1
8,9,Morning,31.238795325112868,0.8866281321609203,Rainy,2.99,57.61,57.61,0.0,8.08,1
8,10,Morning,31.65925826289068,0.10623074236781141,Clear,22.17,49.99,49.99,0.0,8.1,1
8,11,Morning,31.914448613738102,0.1522324293457917,Clear,20.9,51.81,51.81,0.0,7.27,1
8,12,Afternoon,32.0,0.07737324355818077,Clear,23.86,48.99,48.99,0.0,7.33,1
8,13,Afternoon,31.914448613738106,0.21455377207048698,Clear,17.58,46.32,46.32,0.0,8.36,0
8,14,Afternoon,31.65925826289068,0.23198721287946894,Clear,19.49,54.43,54.43,0.0,9.38,1
8,15,Afternoon,31.238795325112868,0.029757482318958705,Clear,20.51,48.5,48.5,0.0,8.95,1
8,16,Afternoon,30.66025403784439,0.24264297966742537,Clear,16.82,45.21,45.21,0.0,7.97,1
8,17,Afternoon,29.933533402912353,0.20525919765807818,Clear,16.95,46.06,46.06,0.0,9.93,1
8,18,Evening,29.071067811865476,0.1527692769687693,Clear,22.92,31.8,31.8,0.0,8.14,1
8,19,Evening,28.08761429008721,0.2745037320620786,Clear,0.0,28.2,28.2,0.0,8.33,1
8,20,Evening,27.0,0.5212805320399814,Cloudy,0.0,33.38,33.38,0.0,9.15,1
8,21,Evening,25.8268343236509,0.0240213087360264,Clear,0.0,26.74,26.74,0.0,9.54,0
8,22,Evening,24.58819045102521,0.22291452134831471,Clear,0.0,32.85,32.85,0.0,9.5,1
8,23,Evening,23.305261922200515,0.1296170975845,Clear,0.0,34.81,34.81,0.0,9.26,1
9,0,Night,22.0,0.48474682901295085,Cloudy,0.0,20.95,20.95,0.0,5.89,1
9,1,Night,23.305261922200515,0.0895700294088623,Clear,0.0,23.35,23.35,0.0,6.09,1
9,2,Night,24.588190451025206,0.6421629871678052,Cloudy,0.0,22.15,22.15,0.0,5.05,1
9,3,Night,25.8268343236509,0.08015806106677072,Clear,0.0,17.25,17.25,0.0,5.34,1
9,4,Night,27.0,0.2164445982665444,Clear,0.0,16.56,16.56,0.0,5.16,1
9,5,Night,28.087614290087206,0.8353593050281671,Rainy,0.0,25.67,25.67,0.0,6.87,1
9,6,Morning,29.071067811865476,0.9556287618786345,Rainy,1.0,44.75,44.75,0.0,7.06,1
9,7,Morning,29.933533402912353,0.24300453274054323,Clear,17.82,35.17,35.17,0.0,7.76,1
9,8,Morning,30.660254037844386,0.8262554684259309,Rainy,3.13,57.26,57.26,0.0,7.29,1
9,9,Morning,31.238795325112868,0.8711535364068396,Rainy,2.34,51.18,51.18,0.0,8.29,1
9,10,Morning,31.65925826289068,0.18389403085878572,Clear,21.19,46.94,46.94,0.0,9.15,1
9,11,Morning,31.914448613738102,0.017453503687223624,Clear,25.39,49.53,49.53,0.0,7.69,1
9,12,Afternoon,32.0,0.24177707145360974,Clear,16.66,49.49,49.49,0.0,8.98,1
9,13,Afternoon,31.914448613738106,0.1765158833915805,Clear,20.48,51.2,51.2,0.0,9.46,1
9,14,Afternoon,31.65925826289068,0.07324373344507089,Clear,18.27,43.14,43.14,0.0,8.04,1
9,15,Afternoon,31.238795325112868,0.03793951208796737,Clear,26.22,49.51,49.51,0.0,7.2,1
9,16,Afternoon,30.66025403784439,0.08637695914923099,Clear,20.7,42.76,42.76,0.0,8.22,1
9,17,Afternoon,29.933533402912353,0.20932987011264484,Clear,16.33,43.02,43.02,0.0,9.28,1
9,18,Evening,29.071067811865476,0.10075353089788887,Clear,22.86,30.94,30.94,0.0,8.04,1
9,19,Evening,28.08761429008721,0.11813714504355562,Clear,0.0,34.27,34.27,0.0,8.77,1
9,20,Evening,27.0,0.9434678524672065,Rainy,0.0,29.47,29.47,0.0,7.94,1
9,21,Evening,25.8268343236509,0.039090621845103965,Clear,0.0,31.31,31.31,0.0,7.53,1
9,22,Evening,24.58819045102521,0.006530409288200178,Clear,0.0,27.43,27.43,0.0,7.72,1
9,23,Evening,23.305261922200515,0.19250326565305967,Clear,0.0,30.91,30.91,0.0,9.01,1
10,0,Night,22.0,0.25871167505932624,Clear,0.0,15.68,15.68,0.0,6.99,1
10,1,Night,23.305261922200515,0.6694851765709253,Cloudy,0.0,15.7,15.7,0.0,5.38,1
10,2,Night,24.588190451025206,0.5407430171503773,Cloudy,0.0,22.59,22.59,0.0,6.44,1
10,3,Night,25.8268343236509,0.4075486369636412,Cloudy,0.0,22.25,22.25,0.0,5.08,0
10,4,Night,27.0,0.1154230326967422,Clear,0.0,22.4,22.4,0.0,6.03,1
10,5,Night,28.087614290087206,0.2837576980787987,Clear,0.0,21.24,21.24,0.0,5.08,1
10,6,Morning,29.071067811865476,0.9124169594794832,Rainy,1.83,45.82,45.82,0.0,7.57,1
10,7,Morning,29.933533402912353,0.10807061590528112,Clear,18.21,40.02,40.02,0.0,8.06,1
10,8,Morning,30.660254037844386,0.2365065564422553,Clear,15.43,54.45,54.45,0.0,9.67,1
10,9,Morning,31.238795325112868,0.5459756314604511,Cloudy,11.21,40.77,40.77,0.0,9.79,0
10,10,Morning,31.65925826289068,0.22815948876582542,Clear,19.32,43.54,43.54,0.0,8.88,1
10,11,Morning,31.914448613738102,0.21938975951820947,Clear,20.06,41.71,41.71,0.0,8.42,1
10,12,Afternoon,32.0,0.24444619605764645,Clear,17.75,46.08,46.08,0.0,8.15,1
10,13,Afternoon,31.914448613738106,0.21878100002175818,Clear,19.03,46.55,46.55,0.0,9.84,1
10,14,Afternoon,31.65925826289068,0.1269612982927397,Clear,21.49,51.72,51.72,0.0,8.3,1
10,15,Afternoon,31.238795325112868,0.2122235920088042,Clear,21.87,47.23,47.23,0.0,8.97,1
10,16,Afternoon,30.66025403784439,0.15561254011780723,Clear,20.82,48.01,48.01,0.0,9.33,1
10,17,Afternoon,29.933533402912353,0.9744002497039306,Rainy,0.63,38.69,38.69,0.0,8.71,1
10,18,Evening,29.071067811865476,0.2738536256541387,Clear,16.55,34.29,34.29,0.0,8.37,1
10,19,Evening,28.08761429008721,0.25692674320812253,Clear,0.0,33.04,33.04,0.0,9.9,1
10,20,Evening,27.0,0.40153970893805907,Cloudy,0.0,26.0,26.0,0.0,9.91,1
10,21,Evening,25.8268343236509,0.1539091704010401,Clear,0.0,26.83,26.83,0.0,9.47,1
10,22,Evening,24.58819045102521,0.4535292279491294,Cloudy,0.0,32.17,32.17,0.0,8.75,1
10,23,Evening,23.305261922200515,0.1991026616026808,Clear,0.0,30.42,30.42,0.0,8.58,1
11,0,Night,22.0,0.21716141516325435,Clear,0.0,20.36,20.36,0.0,6.2,1
11,1,Night,23.305261922200515,0.5916387849069036,Cloudy,0.0,24.95,24.95,0.0,5.44,1
11,2,Night,24.588190451025206,0.5405257131238187,Cloudy,0.0,18.34,18.34,0.0,5.24,1
11,3,Night,25.8268343236509,0.2815111197035271,Clear,0.0,20.25,20.25,0.0,5.24,1
11,4,Night,27.0,0.13315127316682088,Clear,0.0,24.97,24.97,0.0,5.9,1
11,5,Night,28.087614290087206,0.8252465198282772,Rainy,0.0,19.05,19.05,0.0,5.21,1
11,6,Morning,29.071067811865476,0.5525186118971681,Cloudy,11.86,39.64,39.64,0.0,9.66,1
11,7,Morning,29.933533402912353,0.11357352225691197,Clear,21.59,37.0,37.0,0.0,9.23,1
11,8,Morning,30.660254037844386,0.17994773627993152,Clear,15.58,46.52,46.52,0.0,9.12,1
11,9,Morning,31.238795325112868,0.205272088991354,Clear,17.78,41.82,41.82,0.0,9.34,1
11,10,Morning,31.65925826289068,0.13414403632213773,Clear,16.92,49.14,49.14,0.0,8.39,1
11,11,Morning,31.914448613738102,0.6401522397693793,Cloudy,8.45,40.67,40.67,0.0,9.58,1
11,12,Afternoon,32.0,0.14725800077858744,Clear,19.88,49.51,49.51,0.0,8.22,1
11,13,Afternoon,31.914448613738106,0.06608034528803984,Clear,23.38,40.73,40.73,0.0,7.38,1
11,14,Afternoon,31.65925826289068,0.9115637863387096,Rainy,1.78,52.4,52.4,0.0,9.61,1
11,15,Afternoon,31.238795325112868,0.22895730360525668,Clear,20.78,45.88,45.88,0.0,9.81,1
11,16,Afternoon,30.66025403784439,0.09116888655959623,Clear,17.82,46.07,46.07,0.0,9.92,1
11,17,Afternoon,29.933533402912353,0.6885038617496043,Cloudy,6.98,43.44,43.44,0.0,8.94,1
11,18,Evening,29.071067811865476,0.5727884745061607,Cloudy,9.53,27.55,27.55,0.0,8.23,1
11,19,Evening,28.08761429008721,0.11473394786180412,Clear,0.0,34.59,34.59,0.0,7.19,1
11,20,Evening,27.0,0.6908247087112808,Cloudy,0.0,26.32,26.32,0.0,8.4,1
11,21,Evening,25.8268343236509,0.410577343362804,Cloudy,0.0,31.49,31.49,0.0,8.11,1
11,22,Evening,24.58819045102521,0.18867672655490506,Clear,0.0,28.06,28.06,0.0,8.06,1
11,23,Evening,23.305261922200515,0.6598457464865248,Cloudy,0.0,26.04,26.04,0.0,8.63,1
12,0,Night,22.0,0.19157359612439986,Clear,0.0,19.49,19.49,0.0,5.66,1
12,1,Night,23.305261922200515,0.8588527560940743,Rainy,0.0,24.68,24.68,0.0,6.9,1
12,2,Night,24.588190451025206,0.25140124099976807,Clear,0.0,19.46,19.46,0.0,5.36,1
12,3,Night,25.8268343236509,0.22636372287027284,Clear,0.0,19.9,19.9,0.0,5.17,1
12,4,Night,27.0,0.2495186970047057,Clear,0.0,19.08,19.08,0.0,6.86,0
12,5,Night,28.087614290087206,0.0648905518184662,Clear,0.0,23.44,23.44,0.0,6.91,1
12,6,Morning,29.071067811865476,0.08016574865261479,Clear,21.46,45.65,45.65,0.0,7.4,1
12,7,Morning,29.933533402912353,0.47580896191177624,Cloudy,11.82,43.89,43.89,0.0,9.39,1
12,8,Morning,30.660254037844386,0.22217831404513788,Clear,16.92,48.07,48.07,0.0,9.06,1
12,9,Morning,31.238795325112868,0.17280417369773976,Clear,20.59,48.43,48.43,0.0,9.16,1
12,10,Morning,31.65925826289068,0.5374173259151609,Cloudy,9.93,51.23,51.23,0.0,8.19,1
12,11,Morning,31.914448613738102,0.14481900387776322,Clear,17.44,41.92,41.92,0.0,8.14,1
12,12,Afternoon,32.0,0.21735441336837588,Clear,16.55,42.43,42.43,0.0,8.21,1
12,13,Afternoon,31.914448613738106,0.535743334068551,Cloudy,11.82,52.74,52.74,0.0,7.26,1
12,14,Afternoon,31.65925826289068,0.5756864548304433,Cloudy,7.75,47.19,47.19,0.0,8.89,1
12,15,Afternoon,31.238795325112868,0.6574778960591243,Cloudy,6.87,43.14,43.14,0.0,7.08,1
12,16,Afternoon,30.66025403784439,0.23219897001025014,Clear,18.72,45.99,45.99,0.0,7.44,1
12,17,Afternoon,29.933533402912353,0.6364868598693139,Cloudy,7.21,49.28,49.28,0.0,7.8,1
12,18,Evening,29.071067811865476,0.6999396642983557,Cloudy,8.28,25.8,25.8,0.0,8.63,1
12,19,Evening,28.08761429008721,0.17875464165653873,Clear,0.0,32.32,32.32,0.0,9.07,1
12,20,Evening,27.0,0.03244999698180543,Clear,0.0,32.55,32.55,0.0,8.11,1
12,21,Evening,25.8268343236509,0.8482844220014945,Rainy,0.0,34.11,34.11,0.0,7.51,1
12,22,Evening,24.58819045102521,0.03414255591582536,Clear,0.0,28.06,28.06,0.0,7.55,1
12,23,Evening,23.305261922200515,0.1266678388546558,Clear,0.0,30.97,30.97,0.0,7.17,1
13,0,Night,22.0,0.6500290817440952,Cloudy,0.0,17.0,17.0,0.0,6.9,1
13,1,Night,23.305261922200515,0.0024322223126787444,Clear,0.0,21.06,21.06,0.0,5.24,0
13,2,Night,24.588190451025206,0.4658538095836032,Cloudy,0.0,15.71,15.71,0.0,6.95,0
13,3,Night,25.8268343236509,0.17900200775199876,Clear,0.0,23.07,23.07,0.0,5.75,1
13,4,Night,27.0,0.2626921426355478,Clear,0.0,22.92,22.92,0.0,6.76,1
13,5,Night,28.087614290087206,0.03979293017382522,Clear,0.0,21.83,21.83,0.0,6.72,1
13,6,Morning,29.071067811865476,0.6276497044634279,Cloudy,9.78,44.57,44.57,0.0,7.99,1
13,7,Morning,29.933533402912353,0.17937113382326877,Clear,19.48,39.49,39.49,0.0,8.86,1
13,8,Morning,30.660254037844386,0.0363251329162567,Clear,23.91,46.8,46.8,0.0,9.58,1
13,9,Morning,31.238795325112868,0.15723169101895487,Clear,22.25,48.1,48.1,0.0,9.04,1
13,10,Morning,31.65925826289068,0.08058148573908118,Clear,22.86,43.83,43.83,0.0,7.91,1
13,11,Morning,31.914448613738102,0.8867051554064188,Rainy,3.02,54.78,54.78,0.0,7.58,1
13,12,Afternoon,32.0,0.934129965928139,Rainy,1.4,56.95,56.95,0.0,8.03,1
13,13,Afternoon,31.914448613738106,0.6010837987543824,Cloudy,8.32,43.34,43.34,0.0,8.09,1
13,14,Afternoon,31.65925826289068,0.20146487977485264,Clear,16.19,43.39,43.39,0.0,9.1,1
13,15,Afternoon,31.238795325112868,0.4291659913810451,Cloudy,11.93,42.84,42.84,0.0,9.13,1
13,16,Afternoon,30.66025403784439,0.17795001914083536,Clear,19.19,49.37,49.37,0.0,7.56,1
13,17,Afternoon,29.933533402912353,0.1478902512356254,Clear,22.63,43.0,43.0,0.0,7.4,1
13,18,Evening,29.071067811865476,0.5210062400512764,Cloudy,12.4,33.06,33.06,0.0,7.13,1
13,19,Evening,28.08761429008721,0.27140061484135786,Clear,0.0,27.92,27.92,0.0,7.21,1
13,20,Evening,27.0,0.21860270943112756,Clear,0.0,29.99,29.99,0.0,9.39,1
13,21,Evening,25.8268343236509,0.5163080409496519,Cloudy,0.0,33.83,33.83,0.0,9.98,1
13,22,Evening,24.58819045102521,0.49016814061260766,Cloudy,0.0,30.29,30.29,0.0,9.43,1
13,23,Evening,23.305261922200515,0.11701915700781344,Clear,0.0,31.46,31.46,0.0,7.32,1
14,0,Night,22.0,0.2370953558288999,Clear,0.0,19.95,19.95,0.0,5.6,1
14,1,Night,23.305261922200515,0.07198261271066661,Clear,0.0,23.74,23.74,0.0,6.73,1
14,2,Night,24.588190451025206,0.2323596309980067,Clear,0.0,17.41,17.41,0.0,6.19,1
14,3,Night,25.8268343236509,0.8131594283323385,Rainy,0.0,19.43,19.43,0.0,5.16,1
14,4,Night,27.0,0.1447029952859305,Clear,0.0,16.7,16.7,0.0,5.28,1
14,5,Night,28.087614290087206,0.48780731350723694,Cloudy,0.0,19.52,19.52,0.0,6.3,1
14,6,Morning,29.071067811865476,0.18162780416169674,Clear,15.96,47.12,47.12,0.0,9.17,1
14,7,Morning,29.933533402912353,0.15742452992572753,Clear,15.32,39.82,39.82,0.0,7.89,1
14,8,Morning,30.660254037844386,0.22113545116557826,Clear,18.46,46.85,46.85,0.0,7.74,1
14,9,Morning,31.238795325112868,0.05244985924793561,Clear,23.14,47.75,47.75,0.0,8.49,1
14,10,Morning,31.65925826289068,0.2537166124097134,Clear,20.81,42.09,42.09,0.0,7.65,0
14,11,Morning,31.914448613738102,0.2227903143252537,Clear,18.99,49.14,49.14,0.0,9.82,1
14,12,Afternoon,32.0,0.9696374544207681,Rainy,0.77,45.78,45.78,0.0,9.39,1
14,13,Afternoon,31.914448613738106,0.09831531914368317,Clear,18.06,52.25,52.25,0.0,9.78,1
14,14,Afternoon,31.65925826289068,0.26112555570615664,Clear,20.26,45.7,45.7,0.0,9.52,1
14,15,Afternoon,31.238795325112868,0.26835567496033746,Clear,18.52,46.01,46.01,0.0,7.57,1
14,16,Afternoon,30.66025403784439,0.8328401701047127,Rainy,4.21,49.32,49.32,0.0,7.26,1
14,17,Afternoon,29.933533402912353,0.0034914188215508955,Clear,25.05,41.87,41.87,0.0,7.84,1
14,18,Evening,29.071067811865476,0.09215472854634409,Clear,17.27,31.81,31.81,0.0,9.64,1
14,19,Evening,28.08761429008721,0.5272860399191464,Cloudy,0.0,30.45,30.45,0.0,7.88,1
14,20,Evening,27.0,0.26718621975356444,Clear,0.0,30.63,30.63,0.0,7.14,1
14,21,Evening,25.8268343236509,0.025385156410403464,Clear,0.0,26.38,26.38,0.0,7.44,1
14,22,Evening,24.58819045102521,0.9140065738054387,Rainy,0.0,30.11,30.11,0.0,8.22,1
14,23,Evening,23.305261922200515,0.5747152691846189,Cloudy,0.0,27.74,27.74,0.0,7.95,1
15,0,Night,22.0,0.2950595207637923,Clear,0.0,18.59,18.59,0.0,5.09,1
15,1,Night,23.305261922200515,0.0740041225935294,Clear,0.0,15.78,15.78,0.0,5.25,1
15,2,Night,24.588190451025206,0.2370908724643675,Clear,0.0,15.02,15.02,0.0,5.96,1
15,3,Night,25.8268343236509,0.887077351996716,Rainy,0.0,26.61,26.61,0.0,6.66,1
15,4,Night,27.0,0.06300501637690128,Clear,0.0,20.51,20.51,0.0,6.18,1
15,5,Night,28.087614290087206,0.270459219699931,Clear,0.0,16.83,16.83,0.0,5.29,1
15,6,Morning,29.071067811865476,0.23794132824329842,Clear,17.96,39.5,39.5,0.0,9.66,1
15,7,Morning,29.933533402912353,0.14036784916040598,Clear,21.91,49.77,49.77,0.0,8.86,1
15,8,Morning,30.660254037844386,0.1678592848954607,Clear,20.05,40.66,40.66,0.0,9.07,1
15,9,Morning,31.238795325112868,0.9837774627873389,Rainy,0.44,55.11,55.11,0.0,7.01,1
15,10,Morning,31.65925826289068,0.0050209295918700264,Clear,25.72,49.12,49.12,0.0,9.01,1
15,11,Morning,31.914448613738102,0.201785901610455,Clear,15.21,52.83,52.83,0.0,9.47,1
15,12,Afternoon,32.0,0.15411791272929742,Clear,22.25,43.72,43.72,0.0,9.17,1
15,13,Afternoon,31.914448613738106,0.6891614423006598,Cloudy,6.73,54.45,54.45,0.0,7.43,1
15,14,Afternoon,31.65925826289068,0.5426237013847369,Cloudy,9.06,49.83,49.83,0.0,9.86,1
15,15,Afternoon,31.238795325112868,0.12411504127212557,Clear,16.38,50.59,50.59,0.0,7.94,1
15,16,Afternoon,30.66025403784439,0.8481978172260058,Rainy,3.86,53.68,53.68,0.0,8.65,1
15,17,Afternoon,29.933533402912353,0.10730314440292604,Clear,20.21,40.44,40.44,0.0,8.13,1
15,18,Evening,29.071067811865476,0.950517245868972,Rainy,1.35,29.5,29.5,0.0,8.31,1
15,19,Evening,28.08761429008721,0.23853514613407914,Clear,0.0,33.96,33.96,0.0,7.94,1
15,20,Evening,27.0,0.10052117282902952,Clear,0.0,25.69,25.69,0.0,8.02,1
15,21,Evening,25.8268343236509,0.8575398734706187,Rainy,0.0,33.01,33.01,0.0,8.58,1
15,22,Evening,24.58819045102521,0.45977601256476425,Cloudy,0.0,31.38,31.38,0.0,8.88,1
15,23,Evening,23.305261922200515,0.13760829121621415,Clear,0.0,28.39,28.39,0.0,8.49,1
16,0,Night,22.0,0.4230709672259085,Cloudy,0.0,24.05,24.05,0.0,5.53,1
16,1,Night,23.305261922200515,0.17734049213053854,Clear,0.0,22.79,22.79,0.0,5.27,1
16,2,Night,24.588190451025206,0.8701008744223979,Rainy,0.0,19.24,19.24,0.0,6.58,0
16,3,Night,25.8268343236509,0.24258679842584624,Clear,0.0,18.56,18.56,0.0,6.22,1
16,4,Night,27.0,0.144309998630958,Clear,0.0,20.71,20.71,0.0,5.08,1
16,5,Night,28.087614290087206,0.005216731534055962,Clear,0.0,17.18,17.18,0.0,6.03,1
16,6,Morning,29.071067811865476,0.553652715139429,Cloudy,9.8,40.34,40.34,0.0,8.69,1
16,7,Morning,29.933533402912353,0.11710156602548874,Clear,19.9,44.31,44.31,0.0,9.47,1
16,8,Morning,30.660254037844386,0.18838384120469198,Clear,16.33,54.95,54.95,0.0,9.4,1
16,9,Morning,31.238795325112868,0.28569878441827434,Clear,15.54,54.4,54.4,0.0,9.29,1
16,10,Morning,31.65925826289068,0.23623479508828166,Clear,20.99,48.86,48.86,0.0,7.92,1
16,11,Morning,31.914448613738102,0.020526858101302826,Clear,27.38,49.92,49.92,0.0,9.66,1
16,12,Afternoon,32.0,0.2140125784032855,Clear,21.26,42.27,42.27,0.0,9.62,1
16,13,Afternoon,31.914448613738106,0.8812465049872296,Rainy,2.71,54.61,54.61,0.0,8.69,1
16,14,Afternoon,31.65925826289068,0.2223107290241316,Clear,14.74,53.29,53.29,0.0,8.6,1
16,15,Afternoon,31.238795325112868,0.5483684860892154,Cloudy,8.83,51.27,51.27,0.0,8.12,0
16,16,Afternoon,30.66025403784439,0.6766158663099886,Cloudy,8.54,41.7,41.7,0.0,8.87,1
16,17,Afternoon,29.933533402912353,0.8326354329943111,Rainy,3.4,39.49,39.49,0.0,7.86,1
16,18,Evening,29.071067811865476,0.47484174893718273,Cloudy,12.97,29.17,29.17,0.0,7.7,1
16,19,Evening,28.08761429008721,0.2717073493276864,Clear,0.0,28.48,28.48,0.0,8.91,1
16,20,Evening,27.0,0.06209715283950272,Clear,0.0,27.22,27.22,0.0,7.78,1
16,21,Evening,25.8268343236509,0.2458286797223847,Clear,0.0,33.96,33.96,0.0,9.64,1
16,22,Evening,24.58819045102521,0.5765989925161998,Cloudy,0.0,29.7,29.7,0.0,7.56,1
16,23,Evening,23.305261922200515,0.06662864731112635,Clear,0.0,32.67,32.67,0.0,9.53,1
17,0,Night,22.0,0.15792885135840082,Clear,0.0,23.48,23.48,0.0,5.66,1
17,1,Night,23.305261922200515,0.273791013026836,Clear,0.0,18.55,18.55,0.0,6.66,1
17,2,Night,24.588190451025206,0.5135736016884234,Cloudy,0.0,17.57,17.57,0.0,6.17,1
17,3,Night,25.8268343236509,0.8306131436572814,Rainy,0.0,24.06,24.06,0.0,6.97,1
17,4,Night,27.0,0.03200581238142044,Clear,0.0,23.07,23.07,0.0,5.74,1
17,5,Night,28.087614290087206,0.6691113675122994,Cloudy,0.0,23.0,23.0,0.0,6.78,0
17,6,Morning,29.071067811865476,0.6851538586662085,Cloudy,7.0,49.47,49.47,0.0,9.83,1
17,7,Morning,29.933533402912353,0.4867450098608976,Cloudy,9.27,47.06,47.06,0.0,9.65,1
17,8,Morning,30.660254037844386,0.4061969469879044,Cloudy,12.16,41.64,41.64,0.0,8.77,1
17,9,Morning,31.238795325112868,0.07412051396312769,Clear,17.61,54.67,54.67,0.0,9.68,1
17,10,Morning,31.65925826289068,0.018158451389015718,Clear,21.69,52.16,52.16,0.0,7.77,1
17,11,Morning,31.914448613738102,0.887171855208087,Rainy,2.05,46.43,46.43,0.0,8.98,1
17,12,Afternoon,32.0,0.09545030209504272,Clear,21.41,40.87,40.87,0.0,7.67,1
17,13,Afternoon,31.914448613738106,0.19620959665525398,Clear,15.99,51.34,51.34,0.0,7.83,1
17,14,Afternoon,31.65925826289068,0.5525547035927345,Cloudy,10.13,48.28,48.28,0.0,8.03,1
17,15,Afternoon,31.238795325112868,0.8338585810015584,Rainy,3.14,56.85,56.85,0.0,8.3,1
17,16,Afternoon,30.66025403784439,0.2641135829185562,Clear,14.43,42.1,42.1,0.0,8.76,1
17,17,Afternoon,29.933533402912353,0.43798664468818066,Cloudy,15.22,41.09,41.09,0.0,8.26,1
17,18,Evening,29.071067811865476,0.11635925291203494,Clear,18.76,29.89,29.89,0.0,8.15,1
17,19,Evening,28.08761429008721,0.27000394116765347,Clear,0.0,34.0,34.0,0.0,8.23,1
17,20,Evening,27.0,0.21333418893691802,Clear,0.0,25.15,25.15,0.0,8.39,1
17,21,Evening,25.8268343236509,0.005204150212833458,Clear,0.0,32.12,32.12,0.0,8.37,1
17,22,Evening,24.58819045102521,0.9901401609241491,Rainy,0.0,34.64,34.64,0.0,9.54,1
17,23,Evening,23.305261922200515,0.0889594238184181,Clear,0.0,32.51,32.51,0.0,7.66,1
18,0,Night,22.0,0.9086178883367939,Rainy,0.0,22.58,22.58,0.0,5.29,1
18,1,Night,23.305261922200515,0.4784651643061874,Cloudy,0.0,20.45,20.45,0.0,5.93,1
18,2,Night,24.588190451025206,0.06769905023436947,Clear,0.0,17.16,17.16,0.0,5.73,1
18,3,Night,25.8268343236509,0.263642721778897,Clear,0.0,15.48,15.48,0.0,6.6,1
18,4,Night,27.0,0.5213623771014267,Cloudy,0.0,23.15,23.15,0.0,6.23,1
18,5,Night,28.087614290087206,0.9152251027958807,Rainy,0.0,19.63,19.63,0.0,5.75,1
18,6,Morning,29.071067811865476,0.19398304358671603,Clear,20.1,39.6,39.6,0.0,8.15,1
18,7,Morning,29.933533402912353,0.22390771331545456,Clear,17.39,40.29,40.29,0.0,7.55,1
18,8,Morning,30.660254037844386,0.08740314788875513,Clear,17.72,40.56,40.56,0.0,9.3,1
18,9,Morning,31.238795325112868,0.28165579183280354,Clear,16.2,53.08,53.08,0.0,9.59,1
18,10,Morning,31.65925826289068,0.2844415053898419,Clear,13.6,47.8,47.8,0.0,9.72,1
18,11,Morning,31.914448613738102,0.5609760286328145,Cloudy,12.05,49.2,49.2,0.0,8.36,1
18,12,Afternoon,32.0,0.8485297935785376,Rainy,3.83,52.22,52.22,0.0,8.98,1
18,13,Afternoon,31.914448613738106,0.05851842385985122,Clear,22.34,43.94,43.94,0.0,7.28,1
18,14,Afternoon,31.65925826289068,0.1549051075097354,Clear,23.09,54.17,54.17,0.0,8.16,1
18,15,Afternoon,31.238795325112868,0.8597254697341861,Rainy,2.93,43.4,43.4,0.0,8.03,1
18,16,Afternoon,30.66025403784439,0.8076103929792692,Rainy,4.81,55.62,55.62,0.0,9.27,1
18,17,Afternoon,29.933533402912353,0.588358868645783,Cloudy,10.39,43.01,43.01,0.0,9.8,1
18,18,Evening,29.071067811865476,0.07344950042477318,Clear,21.99,34.15,34.15,0.0,7.47,1
18,19,Evening,28.08761429008721,0.018606669931372832,Clear,0.0,34.38,34.38,0.0,8.55,1
18,20,Evening,27.0,0.2512139629751955,Clear,0.0,32.32,32.32,0.0,8.17,1
18,21,Evening,25.8268343236509,0.01987848702635764,Clear,0.0,26.83,26.83,0.0,7.45,1
18,22,Evening,24.58819045102521,0.07973778929656929,Clear,0.0,27.66,27.66,0.0,8.98,1
18,23,Evening,23.305261922200515,0.6108751821663274,Cloudy,0.0,25.84,25.84,0.0,8.09,1
19,0,Night,22.0,0.8148077255992158,Rainy,0.0,22.59,22.59,0.0,6.87,1
19,1,Night,23.305261922200515,0.24295390025573663,Clear,0.0,24.94,24.94,0.0,6.72,1
19,2,Night,24.588190451025206,0.029482217948275623,Clear,0.0,22.25,22.25,0.0,5.5,1
19,3,Night,25.8268343236509,0.22055006345268047,Clear,0.0,18.69,18.69,0.0,6.56,1
19,4,Night,27.0,0.21369496823134979,Clear,0.0,24.25,24.25,0.0,5.4,1
19,5,Night,28.087614290087206,0.06867819886769316,Clear,0.0,23.51,23.51,0.0,5.43,0
19,6,Morning,29.071067811865476,0.9314053476273688,Rainy,1.56,51.24,51.24,0.0,7.66,1
19,7,Morning,29.933533402912353,0.85223030415397,Rainy,3.42,43.77,43.77,0.0,8.29,1
19,8,Morning,30.660254037844386,0.10611661728254802,Clear,16.45,53.45,53.45,0.0,7.82,1
19,9,Morning,31.238795325112868,0.13141963108471041,Clear,22.73,49.37,49.37,0.0,8.23,1
19,10,Morning,31.65925826289068,0.047648297332028966,Clear,20.04,50.6,50.6,0.0,8.6,1
19,11,Morning,31.914448613738102,0.2354700851784034,Clear,21.11,49.8,49.8,0.0,7.96,0
19,12,Afternoon,32.0,0.42520018336060933,Cloudy,15.2,48.03,48.03,0.0,7.86,1
19,13,Afternoon,31.914448613738106,0.9161567757192215,Rainy,1.7,45.11,45.11,0.0,7.44,1
19,14,Afternoon,31.65925826289068,0.4621259144312756,Cloudy,10.17,53.32,53.32,0.0,10.0,1
19,15,Afternoon,31.238795325112868,0.949815170937144,Rainy,1.0,48.81,48.81,0.0,8.29,1
19,16,Afternoon,30.66025403784439,0.424878340212325,Cloudy,11.63,48.94,48.94,0.0,9.86,1
19,17,Afternoon,29.933533402912353,0.5501588489304756,Cloudy,10.02,43.42,43.42,0.0,9.26,1
19,18,Evening,29.071067811865476,0.02673629573622983,Clear,22.63,30.24,30.24,0.0,9.62,1
19,19,Evening,28.08761429008721,0.1138171820728047,Clear,0.0,34.79,34.79,0.0,7.03,1
19,20,Evening,27.0,0.409298829799195,Cloudy,0.0,32.15,32.15,0.0,8.03,1
19,21,Evening,25.8268343236509,0.22401123543584026,Clear,0.0,34.65,34.65,0.0,7.77,1
19,22,Evening,24.58819045102521,0.09720169947031995,Clear,0.0,28.26,28.26,0.0,9.19,1
19,23,Evening,23.305261922200515,0.6313665910863884,Cloudy,0.0,33.5,33.5,0.0,9.95,0
20,0,Night,22.0,0.07807394286801048,Clear,0.0,19.64,19.64,0.0,5.93,1
20,1,Night,23.305261922200515,0.03259661952678215,Clear,0.0,15.11,15.11,0.0,6.1,1
20,2,Night,24.588190451025206,0.00018144638306379912,Clear,0.0,15.26,15.26,0.0,6.54,1
20,3,Night,25.8268343236509,0.07871953423496338,Clear,0.0,16.71,16.71,0.0,5.34,1
20,4,Night,27.0,0.09138529310765633,Clear,0.0,20.65,20.65,0.0,6.09,1
20,5,Night,28.087614290087206,0.1310906501728595,Clear,0.0,17.91,17.91,0.0,6.64,1
20,6,Morning,29.071067811865476,0.6651597494109964,Cloudy,8.85,49.21,49.21,0.0,9.53,1
20,7,Morning,29.933533402912353,0.24540973787366088,Clear,14.68,35.85,35.85,0.0,8.98,1
20,8,Morning,30.660254037844386,0.15906436843960592,Clear,20.96,54.73,54.73,0.0,7.39,1
20,9,Morning,31.238795325112868,0.4897728634084395,Cloudy,10.7,50.63,50.63,0.0,8.78,1
20,10,Morning,31.65925826289068,0.09126407283620226,Clear,23.77,42.29,42.29,0.0,8.8,1
20,11,Morning,31.914448613738102,0.12952091794234769,Clear,19.25,46.91,46.91,0.0,7.93,1
20,12,Afternoon,32.0,0.21139682569572574,Clear,16.66,52.6,52.6,0.0,8.83,1
20,13,Afternoon,31.914448613738106,0.17281913419211373,Clear,23.1,41.76,41.76,0.0,8.62,1
20,14,Afternoon,31.65925826289068,0.1353549930404964,Clear,15.95,53.69,53.69,0.0,9.58,1
20,15,Afternoon,31.238795325112868,0.011834721640540512,Clear,18.81,43.5,43.5,0.0,9.41,1
20,16,Afternoon,30.66025403784439,0.07231623543533693,Clear,20.05,43.39,43.39,0.0,9.27,1
20,17,Afternoon,29.933533402912353,0.6805923845247591,Cloudy,6.67,48.04,48.04,0.0,9.44,1
20,18,Evening,29.071067811865476,0.4932347029794941,Cloudy,13.93,34.23,34.23,0.0,8.95,1
20,19,Evening,28.08761429008721,0.12248169068873027,Clear,0.0,27.08,27.08,0.0,9.49,1
20,20,Evening,27.0,0.5880187149782345,Cloudy,0.0,32.54,32.54,0.0,8.6,1
20,21,Evening,25.8268343236509,0.14151146248019042,Clear,0.0,33.96,33.96,0.0,9.28,1
20,22,Evening,24.58819045102521,0.6716900921197577,Cloudy,0.0,26.27,26.27,0.0,8.49,1
20,23,Evening,23.305261922200515,0.4242546900575162,Cloudy,0.0,33.12,33.12,0.0,7.74,1
21,0,Night,22.0,0.8352168078455194,Rainy,0.0,26.13,26.13,0.0,6.07,1
21,1,Night,23.305261922200515,0.18698238022892902,Clear,0.0,20.91,20.91,0.0,6.64,1
21,2,Night,24.588190451025206,0.19446191350651337,Clear,0.0,23.87,23.87,0.0,6.11,1
21,3,Night,25.8268343236509,0.19078026913785137,Clear,0.0,15.94,15.94,0.0,6.88,0
21,4,Night,27.0,0.5499571475182117,Cloudy,0.0,18.34,18.34,0.0,5.53,1
21,5,Night,28.087614290087206,0.6246318409551275,Cloudy,0.0,21.65,21.65,0.0,6.79,1
21,6,Morning,29.071067811865476,0.8565389094046028,Rainy,3.4,39.65,39.65,0.0,8.15,1
21,7,Morning,29.933533402912353,0.005634984714364022,Clear,25.83,49.9,49.9,0.0,9.82,1
21,8,Morning,30.660254037844386,0.22250696687553947,Clear,14.89,50.25,50.25,0.0,7.65,1
21,9,Morning,31.238795325112868,0.09378003571600928,Clear,19.98,43.72,43.72,0.0,7.62,1
21,10,Morning,31.65925826289068,0.43922004497508305,Cloudy,11.75,41.72,41.72,0.0,9.73,1
21,11,Morning,31.914448613738102,0.09345066229285395,Clear,20.37,53.0,53.0,0.0,8.87,1
21,12,Afternoon,32.0,0.17506303850376695,Clear,20.58,40.33,40.33,0.0,9.25,1
21,13,Afternoon,31.914448613738106,0.007521293342177926,Clear,26.31,45.01,45.01,0.0,7.89,1
21,14,Afternoon,31.65925826289068,0.19240675634375365,Clear,17.0,46.06,46.06,0.0,7.86,1
21,15,Afternoon,31.238795325112868,0.6390202787061898,Cloudy,7.86,46.6,46.6,0.0,8.42,1
21,16,Afternoon,30.66025403784439,0.02364695792419916,Clear,25.89,44.39,44.39,0.0,7.53,1
21,17,Afternoon,29.933533402912353,0.6602689015300505,Cloudy,7.9,37.14,37.14,0.0,9.77,1
21,18,Evening,29.071067811865476,0.6544384080641998,Cloudy,9.57,31.93,31.93,0.0,7.0,1
21,19,Evening,28.08761429008721,0.10489088268743431,Clear,0.0,25.14,25.14,0.0,7.75,1
21,20,Evening,27.0,0.8597976351720967,Rainy,0.0,37.52,37.52,0.0,9.21,1
21,21,Evening,25.8268343236509,0.17803075627243672,Clear,0.0,32.4,32.4,0.0,9.11,1
21,22,Evening,24.58819045102521,0.2903930851093427,Clear,0.0,25.23,25.23,0.0,7.35,0
21,23,Evening,23.305261922200515,0.053892861948850866,Clear,0.0,25.28,25.28,0.0,8.94,1
22,0,Night,22.0,0.07709103676744893,Clear,0.0,17.62,17.62,0.0,6.44,1
22,1,Night,23.305261922200515,0.29248815036996617,Clear,0.0,16.27,16.27,0.0,6.7,1
22,2,Night,24.588190451025206,0.5289110715523411,Cloudy,0.0,18.6,18.6,0.0,5.58,1
22,3,Night,25.8268343236509,0.19719299558148515,Clear,0.0,17.41,17.41,0.0,6.98,1
22,4,Night,27.0,0.10094183426726318,Clear,0.0,24.33,24.33,0.0,6.19,1
22,5,Night,28.087614290087206,0.6360462790989048,Cloudy,0.0,18.6,18.6,0.0,6.11,1
22,6,Morning,29.071067811865476,0.13764826681619355,Clear,21.55,44.99,44.99,0.0,8.43,1
22,7,Morning,29.933533402912353,0.8271808953437875,Rainy,4.01,43.91,43.91,0.0,9.26,1
22,8,Morning,30.660254037844386,0.8059059078570484,Rainy,3.63,47.57,47.57,0.0,8.52,1
22,9,Morning,31.238795325112868,0.17198322419738638,Clear,15.68,43.87,43.87,0.0,8.25,1
22,10,Morning,31.65925826289068,0.4314319549290471,Cloudy,10.25,43.27,43.27,0.0,9.39,1
22,11,Morning,31.914448613738102,0.6551653624499548,Cloudy,8.93,41.1,41.1,0.0,8.56,1
22,12,Afternoon,32.0,0.16174239345220073,Clear,20.03,50.48,50.48,0.0,9.18,1
22,13,Afternoon,31.914448613738106,0.0658744758206205,Clear,21.27,46.99,46.99,0.0,7.56,1
22,14,Afternoon,31.65925826289068,0.12839176900970123,Clear,21.98,49.21,49.21,0.0,9.89,1
22,15,Afternoon,31.238795325112868,0.08790165116938765,Clear,20.76,53.81,53.81,0.0,9.63,1
22,16,Afternoon,30.66025403784439,0.027114536561581304,Clear,22.56,40.09,40.09,0.0,8.4,1
22,17,Afternoon,29.933533402912353,0.12417110571553377,Clear,22.24,39.57,39.57,0.0,8.17,1
22,18,Evening,29.071067811865476,0.009314185881624958,Clear,20.12,29.64,29.64,0.0,7.66,1
22,19,Evening,28.08761429008721,0.49080341071396155,Cloudy,0.0,31.53,31.53,0.0,8.54,1
22,20,Evening,27.0,0.22051416953801403,Clear,0.0,30.95,30.95,0.0,8.85,1
22,21,Evening,25.8268343236509,0.2995383361016599,Clear,0.0,31.63,31.63,0.0,7.72,1
22,22,Evening,24.58819045102521,0.41283311520077715,Cloudy,0.0,25.57,25.57,0.0,8.92,1
22,23,Evening,23.305261922200515,0.5673067895460259,Cloudy,0.0,29.84,29.84,0.0,9.71,1
23,0,Night,22.0,0.21408968241659757,Clear,0.0,19.48,19.48,0.0,6.76,1
23,1,Night,23.305261922200515,0.502554280116863,Cloudy,0.0,16.8,16.8,0.0,5.26,1
23,2,Night,24.588190451025206,0.05540763740496894,Clear,0.0,24.17,24.17,0.0,6.4,1
23,3,Night,25.8268343236509,0.0024816011851690133,Clear,0.0,22.88,22.88,0.0,5.03,1
23,4,Night,27.0,0.9488859307357039,Rainy,0.0,21.81,21.81,0.0,5.85,1
23,5,Night,28.087614290087206,0.9795719165563609,Rainy,0.0,19.44,19.44,0.0,6.11,1
23,6,Morning,29.071067811865476,0.26550783446420273,Clear,19.56,36.88,36.88,0.0,8.75,1
23,7,Morning,29.933533402912353,0.47270119326442644,Cloudy,10.86,46.0,46.0,0.0,8.23,0
23,8,Morning,30.660254037844386,0.2144579154365183,Clear,18.68,45.91,45.91,0.0,7.84,1
23,9,Morning,31.238795325112868,0.26124517681932546,Clear,13.97,40.31,40.31,0.0,8.91,1
23,10,Morning,31.65925826289068,0.9016236800078441,Rainy,2.03,47.06,47.06,0.0,7.61,1
23,11,Morning,31.914448613738102,0.1802010987783621,Clear,17.03,49.25,49.25,0.0,7.17,1
23,12,Afternoon,32.0,0.4349678807557206,Cloudy,10.26,41.6,41.6,0.0,8.63,1
23,13,Afternoon,31.914448613738106,0.40905076439458776,Cloudy,15.0,48.3,48.3,0.0,7.53,1
23,14,Afternoon,31.65925826289068,0.8149980877825569,Rainy,5.11,55.07,55.07,0.0,9.6,1
23,15,Afternoon,31.238795325112868,0.0017245912328484824,Clear,22.47,41.08,41.08,0.0,9.14,1
23,16,Afternoon,30.66025403784439,0.24302525587781615,Clear,19.95,40.04,40.04,0.0,8.45,1
23,17,Afternoon,29.933533402912353,0.12015697992164436,Clear,23.5,44.73,44.73,0.0,9.5,1
23,18,Evening,29.071067811865476,0.946052961425984,Rainy,1.18,31.14,31.14,0.0,9.6,1
23,19,Evening,28.08761429008721,0.027895349067164,Clear,0.0,25.08,25.08,0.0,7.52,1
23,20,Evening,27.0,0.007575053157871236,Clear,0.0,30.77,30.77,0.0,7.27,1
23,21,Evening,25.8268343236509,0.1333756095238617,Clear,0.0,28.02,28.02,0.0,7.0,1
23,22,Evening,24.58819045102521,0.4980570233980347,Cloudy,0.0,29.9,29.9,0.0,8.16,1
23,23,Evening,23.305261922200515,0.2488543404960384,Clear,0.0,31.7,31.7,0.0,8.71,1
24,0,Night,22.0,0.6843885445662269,Cloudy,0.0,24.52,24.52,0.0,5.45,1
24,1,Night,23.305261922200515,0.21467088114675426,Clear,0.0,22.27,22.27,0.0,5.28,1
24,2,Night,24.588190451025206,0.014168519375238508,Clear,0.0,19.44,19.44,0.0,6.1,1
24,3,Night,25.8268343236509,0.4323525084743278,Cloudy,0.0,23.03,23.03,0.0,6.89,1
24,4,Night,27.0,0.08701997129409099,Clear,0.0,24.11,24.11,0.0,6.55,1
24,5,Night,28.087614290087206,0.15978059694407282,Clear,0.0,15.5,15.5,0.0,5.38,1
24,6,Morning,29.071067811865476,0.22221261538228262,Clear,16.92,35.88,35.88,0.0,8.33,1
24,7,Morning,29.933533402912353,0.1479549187323336,Clear,18.86,43.41,43.41,0.0,7.37,1
24,8,Morning,30.660254037844386,0.5751682725869551,Cloudy,8.55,47.56,47.56,0.0,7.44,1
24,9,Morning,31.238795325112868,0.8183749115400888,Rainy,3.82,49.69,49.69,0.0,9.52,1
24,10,Morning,31.65925826289068,0.8782430205122645,Rainy,2.73,56.47,56.47,0.0,8.71,1
24,11,Morning,31.914448613738102,0.8092152444708113,Rainy,3.56,45.04,45.04,0.0,8.42,1
24,12,Afternoon,32.0,0.6008154795526186,Cloudy,7.25,47.57,47.57,0.0,7.18,1
24,13,Afternoon,31.914448613738106,0.018596149024349782,Clear,25.12,51.96,51.96,0.0,8.8,1
24,14,Afternoon,31.65925826289068,0.20502566635842517,Clear,18.55,42.69,42.69,0.0,9.96,1
24,15,Afternoon,31.238795325112868,0.29734260406682406,Clear,13.3,51.64,51.64,0.0,9.1,1
24,16,Afternoon,30.66025403784439,0.11568165399225024,Clear,24.71,51.68,51.68,0.0,9.79,1
24,17,Afternoon,29.933533402912353,0.2804269847460071,Clear,14.68,46.78,46.78,0.0,7.88,1
24,18,Evening,29.071067811865476,0.2779221069185504,Clear,16.78,33.05,33.05,0.0,7.59,1
24,19,Evening,28.08761429008721,0.28267372200144897,Clear,0.0,33.32,33.32,0.0,9.08,1
24,20,Evening,27.0,0.6101801430802979,Cloudy,0.0,26.0,26.0,0.0,9.07,1
24,21,Evening,25.8268343236509,0.027498479189429992,Clear,0.0,25.69,25.69,0.0,7.9,1
24,22,Evening,24.58819045102521,0.014858029760447988,Clear,0.0,34.94,34.94,0.0,8.0,0
24,23,Evening,23.305261922200515,0.4659680696977969,Cloudy,0.0,33.95,33.95,0.0,9.13,1
25,0,Night,22.0,0.4340037790184583,Cloudy,0.0,17.0,17.0,0.0,5.38,1
25,1,Night,23.305261922200515,0.01875057835906001,Clear,0.0,22.74,22.74,0.0,5.12,1
25,2,Night,24.588190451025206,0.8203854380904906,Rainy,0.0,20.15,20.15,0.0,5.55,1
25,3,Night,25.8268343236509,0.6428231491010412,Cloudy,0.0,24.85,24.85,0.0,5.8,1
25,4,Night,27.0,0.15814212461221522,Clear,0.0,20.65,20.65,0.0,5.07,1
25,5,Night,28.087614290087206,0.2546459702884022,Clear,0.0,15.3,15.3,0.0,5.03,1
25,6,Morning,29.071067811865476,0.6471012440623598,Cloudy,7.63,46.02,46.02,0.0,9.95,1
25,7,Morning,29.933533402912353,0.12682175176233332,Clear,21.72,39.7,39.7,0.0,7.84,1
25,8,Morning,30.660254037844386,0.6414151245595667,Cloudy,7.55,52.05,52.05,0.0,9.41,1
25,9,Morning,31.238795325112868,0.03623459225656792,Clear,25.24,40.91,40.91,0.0,8.52,1
25,10,Morning,31.65925826289068,0.19609453113308323,Clear,22.05,51.23,51.23,0.0,7.63,1
25,11,Morning,31.914448613738102,0.23251058851644762,Clear,14.27,43.92,43.92,0.0,7.23,1
25,12,Afternoon,32.0,0.6133885259357784,Cloudy,7.28,52.21,52.21,0.0,7.72,1
25,13,Afternoon,31.914448613738106,0.19626820918105367,Clear,17.34,41.21,41.21,0.0,7.38,1
25,14,Afternoon,31.65925826289068,0.27281917749544593,Clear,14.17,45.47,45.47,0.0,8.55,1
25,15,Afternoon,31.238795325112868,0.008547218186575844,Clear,19.93,46.94,46.94,0.0,7.43,1
25,16,Afternoon,30.66025403784439,0.6482588989788134,Cloudy,9.51,45.01,45.01,0.0,9.67,1
25,17,Afternoon,29.933533402912353,0.14113059452734475,Clear,16.98,36.99,36.99,0.0,9.52,1
25,18,Evening,29.071067811865476,0.5852237144301374,Cloudy,8.1,28.74,28.74,0.0,8.64,1
25,19,Evening,28.08761429008721,0.024638654295840712,Clear,0.0,25.35,25.35,0.0,9.63,1
25,20,Evening,27.0,0.24739532969037029,Clear,0.0,26.65,26.65,0.0,8.97,1
25,21,Evening,25.8268343236509,0.061106271272443176,Clear,0.0,34.14,34.14,0.0,8.69,1
25,22,Evening,24.58819045102521,0.14348840786515188,Clear,0.0,34.23,34.23,0.0,8.64,1
25,23,Evening,23.305261922200515,0.11048986349956157,Clear,0.0,28.03,28.03,0.0,8.96,0
26,0,Night,22.0,0.17710978214676923,Clear,0.0,15.21,15.21,0.0,5.2,1
26,1,Night,23.305261922200515,0.017882157797701016,Clear,0.0,23.17,23.17,0.0,6.66,1
26,2,Night,24.588190451025206,0.8656548527954616,Rainy,0.0,22.92,22.92,0.0,5.22,1
26,3,Night,25.8268343236509,0.852986665890418,Rainy,0.0,22.56,22.56,0.0,5.55,1
26,4,Night,27.0,0.22138439384550576,Clear,0.0,18.45,18.45,0.0,6.89,1
26,5,Night,28.087614290087206,0.13909597416045386,Clear,0.0,23.18,23.18,0.0,6.4,1
26,6,Morning,29.071067811865476,0.8435465524520374,Rainy,3.36,40.12,40.12,0.0,9.08,1
26,7,Morning,29.933533402912353,0.019313745412713943,Clear,25.75,47.05,47.05,0.0,9.38,1
26,8,Morning,30.660254037844386,0.9987180623098301,Rainy,0.03,44.22,44.22,0.0,8.57,1
26,9,Morning,31.238795325112868,0.5465584370110923,Cloudy,10.0,53.09,53.09,0.0,9.67,1
26,10,Morning,31.65925826289068,0.28398745344227105,Clear,16.29,50.57,50.57,0.0,7.05,1
26,11,Morning,31.914448613738102,0.018880627580239926,Clear,24.88,48.79,48.79,0.0,7.17,1
26,12,Afternoon,32.0,0.9441472669326572,Rainy,1.02,43.45,43.45,0.0,9.66,1
26,13,Afternoon,31.914448613738106,0.14348465664534213,Clear,19.49,41.44,41.44,0.0,8.77,1
26,14,Afternoon,31.65925826289068,0.6395052903384464,Cloudy,7.75,47.18,47.18,0.0,9.8,1
26,15,Afternoon,31.238795325112868,0.9104765483364207,Rainy,1.67,50.19,50.19,0.0,9.75,1
26,16,Afternoon,30.66025403784439,0.6104704359200521,Cloudy,9.47,40.2,40.2,0.0,9.79,1
26,17,Afternoon,29.933533402912353,0.13082406109233585,Clear,20.99,35.25,35.25,0.0,8.58,1
26,18,Evening,29.071067811865476,0.5177339958622068,Cloudy,11.77,27.18,27.18,0.0,8.16,1
26,19,Evening,28.08761429008721,0.00037022848809483696,Clear,0.0,32.09,32.09,0.0,9.77,1
26,20,Evening,27.0,0.6950326441964281,Cloudy,0.0,28.0,28.0,0.0,8.98,1
26,21,Evening,25.8268343236509,0.040319231301862844,Clear,0.0,26.27,26.27,0.0,8.89,1
26,22,Evening,24.58819045102521,0.08418696802954645,Clear,0.0,27.72,27.72,0.0,9.72,1
26,23,Evening,23.305261922200515,0.26851451582671826,Clear,0.0,32.35,32.35,0.0,9.76,1
27,0,Night,22.0,0.5004932376757187,Cloudy,0.0,21.09,21.09,0.0,5.65,1
27,1,Night,23.305261922200515,0.5239566062176156,Cloudy,0.0,16.68,16.68,0.0,6.4,1
27,2,Night,24.588190451025206,0.015478977726745613,Clear,0.0,16.37,16.37,0.0,6.13,1
27,3,Night,25.8268343236509,0.2403607994030091,Clear,0.0,24.14,24.14,0.0,6.04,1
27,4,Night,27.0,0.22575922821433347,Clear,0.0,21.68,21.68,0.0,6.57,1
27,5,Night,28.087614290087206,0.2016348738686915,Clear,0.0,19.5,19.5,0.0,6.06,1
27,6,Morning,29.071067811865476,0.21697348740836128,Clear,17.08,35.49,35.49,0.0,7.46,1
27,7,Morning,29.933533402912353,0.9291555240014432,Rainy,1.53,38.8,38.8,0.0,9.65,1
27,8,Morning,30.660254037844386,0.10495078567074093,Clear,23.07,50.38,50.38,0.0,8.67,1
27,9,Morning,31.238795325112868,0.19367402864607544,Clear,17.15,49.24,49.24,0.0,7.07,1
27,10,Morning,31.65925826289068,0.5213135291697597,Cloudy,11.06,51.6,51.6,0.0,9.04,1
27,11,Morning,31.914448613738102,0.4203162735273564,Cloudy,13.7,46.48,46.48,0.0,9.65,1
27,12,Afternoon,32.0,0.0747053697199667,Clear,23.31,52.33,52.33,0.0,8.18,1
27,13,Afternoon,31.914448613738106,0.08792934352965928,Clear,24.45,43.65,43.65,0.0,7.94,1
27,14,Afternoon,31.65925826289068,0.569579544129482,Cloudy,9.57,52.05,52.05,0.0,7.5,0
27,15,Afternoon,31.238795325112868,0.6355261703124871,Cloudy,9.49,48.58,48.58,0.0,7.41,1
27,16,Afternoon,30.66025403784439,0.5459092963163099,Cloudy,11.47,41.04,41.04,0.0,7.63,1
27,17,Afternoon,29.933533402912353,0.2994609674986013,Clear,17.15,40.58,40.58,0.0,8.66,1
27,18,Evening,29.071067811865476,0.9052513152915379,Rainy,1.95,37.53,37.53,0.0,7.4,1
27,19,Evening,28.08761429008721,0.6304597247050978,Cloudy,0.0,28.32,28.32,0.0,8.83,1
27,20,Evening,27.0,0.5569047430075318,Cloudy,0.0,28.99,28.99,0.0,7.92,1
27,21,Evening,25.8268343236509,0.5594605680026812,Cloudy,0.0,34.25,34.25,0.0,8.32,1
27,22,Evening,24.58819045102521,0.5560679752333197,Cloudy,0.0,34.26,34.26,0.0,7.07,1
27,23,Evening,23.305261922200515,0.5989155552989149,Cloudy,0.0,33.81,33.81,0.0,7.28,1
28,0,Night,22.0,0.5468135977997091,Cloudy,0.0,21.47,21.47,0.0,6.68,1
28,1,Night,23.305261922200515,0.5851893968376823,Cloudy,0.0,22.83,22.83,0.0,6.29,1
28,2,Night,24.588190451025206,0.5820167592598071,Cloudy,0.0,22.41,22.41,0.0,5.29,1
28,3,Night,25.8268343236509,0.02829132271119622,Clear,0.0,17.98,17.98,0.0,6.46,0
28,4,Night,27.0,0.24934517674527526,Clear,0.0,19.2,19.2,0.0,6.35,1
28,5,Night,28.087614290087206,0.14552858812906982,Clear,0.0,24.54,24.54,0.0,5.41,1
28,6,Morning,29.071067811865476,0.4896581236968004,Cloudy,10.99,36.1,36.1,0.0,9.46,1
28,7,Morning,29.933533402912353,0.2897668239995982,Clear,16.05,49.95,49.95,0.0,9.67,1
28,8,Morning,30.660254037844386,0.28421880583573667,Clear,19.93,43.74,43.74,0.0,9.28,1
28,9,Morning,31.238795325112868,0.5180480830348944,Cloudy,9.28,51.2,51.2,0.0,9.84,0
28,10,Morning,31.65925826289068,0.6102978102214371,Cloudy,8.64,43.72,43.72,0.0,9.1,1
28,11,Morning,31.914448613738102,0.19351167493248045,Clear,14.68,45.44,45.44,0.0,8.53,1
28,12,Afternoon,32.0,0.8051764087788843,Rainy,4.54,48.6,48.6,0.0,7.13,1
28,13,Afternoon,31.914448613738106,0.21413602829203887,Clear,18.49,51.92,51.92,0.0,7.94,1
28,14,Afternoon,31.65925826289068,0.2821511828856551,Clear,19.8,41.16,41.16,0.0,9.88,1
28,15,Afternoon,31.238795325112868,0.6689570575531292,Cloudy,6.68,46.81,46.81,0.0,8.56,1
28,16,Afternoon,30.66025403784439,0.17053959132613336,Clear,21.92,43.71,43.71,0.0,9.32,1
28,17,Afternoon,29.933533402912353,0.21320361799745516,Clear,16.32,41.12,41.12,0.0,7.39,1
28,18,Evening,29.071067811865476,0.47255926483190785,Cloudy,12.95,33.37,33.37,0.0,7.74,1
28,19,Evening,28.08761429008721,0.09985994310415572,Clear,0.0,30.83,30.83,0.0,7.46,1
28,20,Evening,27.0,0.20887386236141972,Clear,0.0,25.59,25.59,0.0,8.66,1
28,21,Evening,25.8268343236509,0.8913192676188605,Rainy,0.0,32.74,32.74,0.0,7.74,1
28,22,Evening,24.58819045102521,0.4335716284113328,Cloudy,0.0,26.22,26.22,0.0,9.19,1
28,23,Evening,23.305261922200515,0.21690914705745445,Clear,0.0,29.29,29.29,0.0,8.79,0
29,0,Night,22.0,0.13059444069741338,Clear,0.0,18.69,18.69,0.0,6.92,1
29,1,Night,23.305261922200515,0.9176393873792924,Rainy,0.0,26.88,26.88,0.0,5.32,1
29,2,Night,24.588190451025206,0.19340467347874998,Clear,0.0,22.0,22.0,0.0,6.81,1
29,3,Night,25.8268343236509,0.2687185731903906,Clear,0.0,20.36,20.36,0.0,6.37,1
29,4,Night,27.0,0.5709294083122697,Cloudy,0.0,22.22,22.22,0.0,5.61,1
29,5,Night,28.087614290087206,0.6213113395100933,Cloudy,0.0,16.77,16.77,0.0,5.54,1
29,6,Morning,29.071067811865476,0.28934879336706437,Clear,17.25,49.05,49.05,0.0,9.35,1
29,7,Morning,29.933533402912353,0.012737084891430593,Clear,20.13,46.14,46.14,0.0,8.91,1
29,8,Morning,30.660254037844386,0.1781279225690295,Clear,16.7,54.48,54.48,0.0,7.62,1
29,9,Morning,31.238795325112868,0.2428248520551618,Clear,18.21,44.52,44.52,0.0,8.97,1
29,10,Morning,31.65925826289068,0.4488061085215417,Cloudy,14.04,44.4,44.4,0.0,7.53,1
29,11,Morning,31.914448613738102,0.05904872697639915,Clear,25.42,42.91,42.91,0.0,7.08,1
29,12,Afternoon,32.0,0.5716525847791476,Cloudy,10.24,52.28,52.28,0.0,9.57,1
29,13,Afternoon,31.914448613738106,0.03793899751943486,Clear,22.83,45.93,45.93,0.0,9.18,1
29,14,Afternoon,31.65925826289068,0.9578945226686546,Rainy,1.07,47.72,47.72,0.0,9.78,1
29,15,Afternoon,31.238795325112868,0.23594100037840207,Clear,19.22,54.42,54.42,0.0,8.4,1
29,16,Afternoon,30.66025403784439,0.07011663869318978,Clear,17.85,53.11,53.11,0.0,7.84,0
29,17,Afternoon,29.933533402912353,0.18902321479801948,Clear,14.83,37.59,37.59,0.0,7.81,1
29,18,Evening,29.071067811865476,0.12308371994945982,Clear,20.88,30.72,30.72,0.0,7.89,1
29,19,Evening,28.08761429008721,0.08067002778733094,Clear,0.0,33.73,33.73,0.0,9.65,1
29,20,Evening,27.0,0.624735772043804,Cloudy,0.0,26.18,26.18,0.0,7.0,1
29,21,Evening,25.8268343236509,0.00969180802133951,Clear,0.0,29.84,29.84,0.0,9.31,1
29,22,Evening,24.58819045102521,0.6030560817197683,Cloudy,0.0,25.03,25.03,0.0,8.47,1
29,23,Evening,23.305261922200515,0.15540176032903874,Clear,0.0,31.26,31.26,0.0,8.5,1
30,0,Night,22.0,0.5034039710384322,Cloudy,0.0,18.68,18.68,0.0,5.36,1
30,1,Night,23.305261922200515,0.058316765493978545,Clear,0.0,22.44,22.44,0.0,6.38,1
30,2,Night,24.588190451025206,0.0626983847779201,Clear,0.0,16.94,16.94,0.0,5.57,1
30,3,Night,25.8268343236509,0.04949666155933959,Clear,0.0,15.16,15.16,0.0,5.6,0
30,4,Night,27.0,0.27749504109220746,Clear,0.0,15.85,15.85,0.0,6.57,1
30,5,Night,28.087614290087206,0.4177962299168561,Cloudy,0.0,17.89,17.89,0.0,6.46,1
30,6,Morning,29.071067811865476,0.835118391735262,Rainy,4.04,40.5,40.5,0.0,7.53,1
30,7,Morning,29.933533402912353,0.10723720282289025,Clear,23.78,48.33,48.33,0.0,9.27,1
30,8,Morning,30.660254037844386,0.0499886353311464,Clear,17.61,54.39,54.39,0.0,9.86,1
30,9,Morning,31.238795325112868,0.8827807188522341,Rainy,2.74,57.54,57.54,0.0,8.42,1
30,10,Morning,31.65925826289068,0.5011741330503656,Cloudy,9.18,43.27,43.27,0.0,7.43,1
30,11,Morning,31.914448613738102,0.17578016300620103,Clear,21.25,44.92,44.92,0.0,8.21,1
30,12,Afternoon,32.0,0.5988402093419231,Cloudy,10.34,47.08,47.08,0.0,7.57,1
30,13,Afternoon,31.914448613738106,0.2768003230940835,Clear,16.91,49.03,49.03,0.0,7.87,1
30,14,Afternoon,31.65925826289068,0.24803353022475558,Clear,18.15,49.93,49.93,0.0,9.73,1
30,15,Afternoon,31.238795325112868,0.23033133179352439,Clear,17.48,42.39,42.39,0.0,9.31,1
30,16,Afternoon,30.66025403784439,0.41853105306057686,Cloudy,12.02,49.48,49.48,0.0,8.2,1
30,17,Afternoon,29.933533402912353,0.5142015635854734,Cloudy,10.33,48.39,48.39,0.0,9.2,1
30,18,Evening,29.071067811865476,0.20159898427493758,Clear,21.33,27.86,27.86,0.0,7.3,1
30,19,Evening,28.08761429008721,0.1038875726046332,Clear,0.0,32.84,32.84,0.0,7.25,1
30,20,Evening,27.0,0.9900585619629114,Rainy,0.0,34.99,34.99,0.0,8.78,1
30,21,Evening,25.8268343236509,0.1468512269822613,Clear,0.0,29.9,29.9,0.0,7.71,1
30,22,Evening,24.58819045102521,0.9413659815323281,Rainy,0.0,30.3,30.3,0.0,8.19,1
30,23,Evening,23.305261922200515,0.8471936895045052,Rainy,0.0,31.29,31.29,0.0,7.51,1
